BeachName,DOW,Date,Ecoli_1dGM,Ecoli_30dGM,Ecoli_units,ClosureYN,ClosureReason,MonitoringOrg
Bush Lake Beach,27004700,2016-05-23T00:00:00Z,7,7,mpn,N,NA,Bloomington
Bush Lake Beach,27004700,2016-05-26T00:00:00Z,172,34.698703145794944,mpn,N,NA,Bloomington
Bush Lake Beach,27004700,2016-05-31T00:00:00Z,16,26.807037581512276,mpn,N,NA,Bloomington
Bush Lake Beach,27004700,2016-06-02T00:00:00Z,21.8,25.456620061756823,mpn,N,NA,Bloomington
Bush Lake Beach,27004700,2016-06-06T00:00:00Z,5.2,18.528542643181638,mpn,N,NA,Bloomington
Bush Lake Beach,27004700,2016-06-09T00:00:00Z,547.5,32.57854906104009,mpn,Y,ecoli_1dayGM,Bloomington
Bush Lake Beach,27004700,2016-06-13T00:00:00Z,18.9,30.140490747172844,mpn,N,NA,Bloomington
Bush Lake Beach,27004700,2016-06-16T00:00:00Z,5.2,24.19674497871675,mpn,N,NA,Bloomington
Bush Lake Beach,27004700,2016-06-20T00:00:00Z,17.5,23.341110471102382,mpn,N,NA,Bloomington
Bush Lake Beach,27004700,2016-06-23T00:00:00Z,2,20.3081100956129,mpn,N,NA,Bloomington
Bush Lake Beach,27004700,2016-06-27T00:00:00Z,8.5,14.539391437809842,mpn,N,NA,Bloomington
Bush Lake Beach,27004700,2016-06-30T00:00:00Z,2,11.92324878108339,mpn,N,NA,Bloomington
Bush Lake Beach,27004700,2016-07-05T00:00:00Z,1,8.193802825920919,mpn,N,NA,Bloomington
Bush Lake Beach,27004700,2016-07-07T00:00:00Z,1,6.822280662035414,mpn,N,NA,Bloomington
Bush Lake Beach,27004700,2016-07-11T00:00:00Z,4,3.9496647488055725,mpn,N,NA,Bloomington
Bush Lake Beach,27004700,2016-07-14T00:00:00Z,1,2.8492538548699207,mpn,N,NA,Bloomington
Bush Lake Beach,27004700,2016-07-18T00:00:00Z,1,2.3723306367363306,mpn,N,NA,Bloomington
Bush Lake Beach,27004700,2016-07-21T00:00:00Z,31.3,2.530646429716664,mpn,N,NA,Bloomington
Bush Lake Beach,27004700,2016-07-25T00:00:00Z,2,2.530646429716664,mpn,N,NA,Bloomington
Bush Lake Beach,27004700,2016-07-27T00:00:00Z,6.3,2.7723137536583717,mpn,N,NA,Bloomington
Bush Lake Beach,27004700,2016-08-01T00:00:00Z,27.5,3.2753400556310295,mpn,N,NA,Bloomington
Bush Lake Beach,27004700,2016-08-04T00:00:00Z,23.3,3.985348908178665,mpn,N,NA,Bloomington
Bush Lake Beach,27004700,2016-08-08T00:00:00Z,4.1,5.4359058643816756,mpn,N,NA,Bloomington
Bush Lake Beach,27004700,2016-08-11T00:00:00Z,23,6.602059979815194,mpn,N,NA,Bloomington
Bush Lake Beach,27004700,2016-08-15T00:00:00Z,7.4,8.24633109090849,mpn,N,NA,Bloomington
Bush Lake Beach,27004700,2016-08-18T00:00:00Z,16.9,11.289965734992501,mpn,N,NA,Bloomington
Bush Lake Beach,27004700,2016-08-22T00:00:00Z,307.6,14.553382922330153,mpn,Y,ecoli_1dayGM,Bloomington
Bush Lake Beach,27004700,2016-08-25T00:00:00Z,44.1,20.522562076875598,mpn,N,NA,Bloomington
Bush Lake Beach,27004700,2016-08-30T00:00:00Z,21.3,23.49706915695307,mpn,N,NA,Bloomington
Bush Lake Beach,27004700,2016-09-01T00:00:00Z,28.8,23.617969699909846,mpn,N,NA,Bloomington
Bush Lake Beach,27004700,2017-05-25T00:00:00Z,131,131,mpn,Y,ecoli_30dayGM,Bloomington
Bush Lake Beach,27004700,2017-05-30T00:00:00Z,1,11.445523142259598,mpn,N,NA,Bloomington
Bush Lake Beach,27004700,2017-06-01T00:00:00Z,102,23.729603911182117,mpn,N,NA,Bloomington
Bush Lake Beach,27004700,2017-06-05T00:00:00Z,11,19.58015106456262,mpn,N,NA,Bloomington
Bush Lake Beach,27004700,2017-06-08T00:00:00Z,4.1,14.322195640057632,mpn,N,NA,Bloomington
Bush Lake Beach,27004700,2017-06-12T00:00:00Z,41.7,17.114491919973275,mpn,N,NA,Bloomington
Bush Lake Beach,27004700,2017-06-15T00:00:00Z,8.5,15.486143678764298,mpn,N,NA,Bloomington
Bush Lake Beach,27004700,2017-06-19T00:00:00Z,21.3,16.115649902594026,mpn,N,NA,Bloomington
Bush Lake Beach,27004700,2017-06-22T00:00:00Z,5.1,14.181693189622711,mpn,N,NA,Bloomington
Bush Lake Beach,27004700,2017-06-26T00:00:00Z,19,11.443515251347145,mpn,N,NA,Bloomington
Bush Lake Beach,27004700,2017-06-29T00:00:00Z,16,11.833562414462989,mpn,N,NA,Bloomington
Bush Lake Beach,27004700,2017-07-06T00:00:00Z,3,10.466113301514456,mpn,N,NA,Bloomington
Bush Lake Beach,27004700,2017-07-10T00:00:00Z,4.1,10.466113301514456,mpn,N,NA,Bloomington
Bush Lake Beach,27004700,2017-07-13T00:00:00Z,5.2,8.068054867203662,mpn,N,NA,Bloomington
Bush Lake Beach,27004700,2017-07-17T00:00:00Z,1,6.174353311993932,mpn,N,NA,Bloomington
Bush Lake Beach,27004700,2017-07-20T00:00:00Z,6.3,5.302267028410797,mpn,N,NA,Bloomington
Bush Lake Beach,27004700,2017-07-24T00:00:00Z,411,9.177947122808485,mpn,Y,ecoli_1dayGM,Bloomington
Bush Lake Beach,27004700,2017-07-27T00:00:00Z,68,10.763783780803461,mpn,N,NA,Bloomington
Bush Lake Beach,27004700,2017-07-31T00:00:00Z,23,11.263307653666594,mpn,N,NA,Bloomington
Bush Lake Beach,27004700,2017-08-03T00:00:00Z,36,12.815533053967922,mpn,N,NA,Bloomington
Bush Lake Beach,27004700,2017-08-07T00:00:00Z,1990,26.37924934980881,mpn,Y,ecoli_1dayGM,Bloomington
Bush Lake Beach,27004700,2017-08-10T00:00:00Z,125,38.562514024210515,mpn,N,NA,Bloomington
Bush Lake Beach,27004700,2017-08-14T00:00:00Z,115,54.397111473453016,mpn,N,NA,Bloomington
Bush Lake Beach,27004700,2017-08-17T00:00:00Z,162,95.73649141022,mpn,N,NA,Bloomington
Bush Lake Beach,27004700,2017-08-21T00:00:00Z,105,130.86951092845584,mpn,Y,ecoli_30dayGM,Bloomington
Bush Lake Beach,27004700,2017-08-23T00:00:00Z,579,151.8526893706354,mpn,Y,ecoli_1dayGM,Bloomington
Bush Lake Beach,27004700,2017-08-28T00:00:00Z,96,141.25900830135484,mpn,Y,ecoli_30dayGM,Bloomington
Bush Lake Beach,27004700,2017-08-31T00:00:00Z,649,204.73151164533718,mpn,Y,ecoli_1dayGM,Bloomington
Bush Lake Beach,27004700,2017-09-05T00:00:00Z,29,199.87149431470527,mpn,Y,ecoli_30dayGM,Bloomington
Bush Lake Beach,27004700,2017-09-07T00:00:00Z,178,152.84748448413708,mpn,Y,ecoli_30dayGM,Bloomington
Bush Lake Beach,27004700,2017-09-11T00:00:00Z,44,136.1050210753402,mpn,Y,ecoli_30dayGM,Bloomington
Bush Lake Beach,27004700,2017-09-14T00:00:00Z,109,135.2970858343012,mpn,Y,ecoli_30dayGM,Bloomington
Bush Lake Beach,27004700,2017-09-18T00:00:00Z,387,149.0425302026502,mpn,Y,ecoli_1dayGM,Bloomington
Bush Lake Beach,27004700,2017-09-21T00:00:00Z,178,158.0448296990032,mpn,Y,ecoli_30dayGM,Bloomington
Bush Lake Beach,27004700,2018-05-24T00:00:00Z,13.4,13.4,mpn,N,NA,Bloomington
Bush Lake Beach,27004700,2018-05-29T00:00:00Z,39.9,23.12271610343387,mpn,N,NA,Bloomington
Bush Lake Beach,27004700,2018-05-31T00:00:00Z,21.3,22.498441373514346,mpn,N,NA,Bloomington
Bush Lake Beach,27004700,2018-06-04T00:00:00Z,18.5,21.424330359861557,mpn,N,NA,Bloomington
Bush Lake Beach,27004700,2018-06-07T00:00:00Z,8.4,17.76567293011237,mpn,N,NA,Bloomington
Bush Lake Beach,27004700,2018-06-11T00:00:00Z,12.2,16.686990694920407,mpn,N,NA,Bloomington
Bush Lake Beach,27004700,2018-06-14T00:00:00Z,13.2,16.137437823770405,mpn,N,NA,Bloomington
Bush Lake Beach,27004700,2018-06-18T00:00:00Z,50.4,18.606259609327918,mpn,N,NA,Bloomington
Bush Lake Beach,27004700,2018-06-21T00:00:00Z,4.1,15.727979730076736,mpn,N,NA,Bloomington
Bush Lake Beach,27004700,2018-06-25T00:00:00Z,6.3,14.462876938451405,mpn,N,NA,Bloomington
Bush Lake Beach,27004700,2018-06-28T00:00:00Z,105,17.633890989718406,mpn,N,NA,Bloomington
Bush Lake Beach,27004700,2018-07-02T00:00:00Z,4.1,13.410184835290542,mpn,N,NA,Bloomington
Bush Lake Beach,27004700,2018-07-05T00:00:00Z,14.6,13.062023016169565,mpn,N,NA,Bloomington
Bush Lake Beach,27004700,2018-07-09T00:00:00Z,5.2,12.38422042348382,mpn,N,NA,Bloomington
Bush Lake Beach,27004700,2018-07-12T00:00:00Z,4,10.941014158410637,mpn,N,NA,Bloomington
Bush Lake Beach,27004700,2018-07-16T00:00:00Z,2,8.871501754192318,mpn,N,NA,Bloomington
Bush Lake Beach,27004700,2018-07-19T00:00:00Z,1,5.73902602630988,mpn,N,NA,Bloomington
Bush Lake Beach,27004700,2018-07-23T00:00:00Z,2,5.299060480900331,mpn,N,NA,Bloomington
Bush Lake Beach,27004700,2018-07-26T00:00:00Z,16.1,5.88132289739259,mpn,N,NA,Bloomington
Bush Lake Beach,27004700,2018-07-30T00:00:00Z,19,4.863872348391296,mpn,N,NA,Bloomington
Bush Lake Beach,27004700,2018-08-02T00:00:00Z,28,6.021302001889055,mpn,N,NA,Bloomington
Bush Lake Beach,27004700,2018-08-06T00:00:00Z,21.3,6.279363210669138,mpn,N,NA,Bloomington
Bush Lake Beach,27004700,2018-08-09T00:00:00Z,112,8.831827308384964,mpn,N,NA,Bloomington
Bush Lake Beach,27004700,2018-08-13T00:00:00Z,7.3,9.442343081827378,mpn,N,NA,Bloomington
Bush Lake Beach,27004700,2018-08-16T00:00:00Z,10,11.291278255401906,mpn,N,NA,Bloomington
Bush Lake Beach,27004700,2018-08-20T00:00:00Z,24.3,16.09531062691275,mpn,N,NA,Bloomington
Bush Lake Beach,27004700,2018-08-23T00:00:00Z,4.1,17.431657351776444,mpn,N,NA,Bloomington
Bush Lake Beach,27004700,2018-08-27T00:00:00Z,7.5,16.013119542893786,mpn,N,NA,Bloomington
Bush Lake Beach,27004700,2018-08-30T00:00:00Z,12,15.216025930611591,mpn,N,NA,Bloomington
Bush Lake Beach,27004700,2019-05-20T00:00:00Z,2,2,mpn,N,NA,Bloomington
Bush Lake Beach,27004700,2019-05-23T00:00:00Z,5.2,3.22490309931942,mpn,N,NA,Bloomington
Bush Lake Beach,27004700,2019-05-28T00:00:00Z,8,4.365571532244423,mpn,N,NA,Bloomington
Bush Lake Beach,27004700,2019-05-30T00:00:00Z,35,7.345947879812936,mpn,N,NA,Bloomington
Bush Lake Beach,27004700,2019-06-03T00:00:00Z,6,7.0545371394854834,mpn,N,NA,Bloomington
Bush Lake Beach,27004700,2019-06-06T00:00:00Z,5,6.661194337945612,mpn,N,NA,Bloomington
Bush Lake Beach,27004700,2019-06-10T00:00:00Z,5.2,6.429659814986195,mpn,N,NA,Bloomington
Bush Lake Beach,27004700,2019-06-13T00:00:00Z,3,5.845271028589298,mpn,N,NA,Bloomington
Bush Lake Beach,27004700,2019-06-17T00:00:00Z,4.1,5.619416614206117,mpn,N,NA,Bloomington
Bush Lake Beach,27004700,2019-06-20T00:00:00Z,2,5.619416614206117,mpn,N,NA,Bloomington
Bush Lake Beach,27004700,2019-06-24T00:00:00Z,13.1,6.226966928180424,mpn,N,NA,Bloomington
Bush Lake Beach,27004700,2019-06-27T00:00:00Z,8.6,6.431299701420341,mpn,N,NA,Bloomington
Bush Lake Beach,27004700,2019-07-01T00:00:00Z,34.1,6.2590628799412125,mpn,N,NA,Bloomington
Bush Lake Beach,27004700,2019-07-08T00:00:00Z,5,6.292222518271194,mpn,N,NA,Bloomington
Bush Lake Beach,27004700,2019-07-11T00:00:00Z,5.2,6.292222518271194,mpn,N,NA,Bloomington
Bush Lake Beach,27004700,2019-07-15T00:00:00Z,1,5.484839401708985,mpn,N,NA,Bloomington
Bush Lake Beach,27004700,2019-07-18T00:00:00Z,2,5.014119534563478,mpn,N,NA,Bloomington
Bush Lake Beach,27004700,2019-07-22T00:00:00Z,0.5,4.2163551422680525,mpn,N,NA,Bloomington
Bush Lake Beach,27004700,2019-07-25T00:00:00Z,6.3,3.847652491528337,mpn,N,NA,Bloomington
Bush Lake Beach,27004700,2019-07-29T00:00:00Z,62,4.925297813756941,mpn,N,NA,Bloomington
Bush Lake Beach,27004700,2019-08-01T00:00:00Z,1,3.1683868224934466,mpn,N,NA,Bloomington
Bush Lake Beach,27004700,2019-08-05T00:00:00Z,21.8,3.9256077090646877,mpn,N,NA,Bloomington
Bush Lake Beach,27004700,2019-08-08T00:00:00Z,7,4.075147627538243,mpn,N,NA,Bloomington
Bush Lake Beach,27004700,2019-08-12T00:00:00Z,345,6.49482297990369,mpn,Y,ecoli_1dayGM,Bloomington
Bush Lake Beach,27004700,2019-08-15T00:00:00Z,219,11.819977904946168,mpn,N,NA,Bloomington
Bush Lake Beach,27004700,2019-08-19T00:00:00Z,64.4,17.38425989294358,mpn,N,NA,Bloomington
Bush Lake Beach,27004700,2019-08-22T00:00:00Z,58.1,29.486522271338835,mpn,N,NA,Bloomington
Bush Lake Beach,27004700,2019-08-26T00:00:00Z,228,43.933995150360204,mpn,N,NA,Bloomington
Bush Lake Beach,27004700,2019-08-29T00:00:00Z,79,45.132929130022944,mpn,N,NA,Bloomington
Bush Lake Beach,27004700,2020-06-08T00:00:00Z,6.3,6.3,mpn,N,NA,Bloomington
Bush Lake Beach,27004700,2020-06-11T00:00:00Z,17,10.348912986396204,mpn,N,NA,Bloomington
Bush Lake Beach,27004700,2020-06-15T00:00:00Z,5,8.120569576715653,mpn,N,NA,Bloomington
Bush Lake Beach,27004700,2020-06-18T00:00:00Z,1,4.810496121068208,mpn,N,NA,Bloomington
Bush Lake Beach,27004700,2020-06-22T00:00:00Z,8.6,5.403206743091294,mpn,N,NA,Bloomington
Bush Lake Beach,27004700,2020-06-25T00:00:00Z,6.3,5.543274850850979,mpn,N,NA,Bloomington
Bush Lake Beach,27004700,2020-06-29T00:00:00Z,18,6.55901632092967,mpn,N,NA,Bloomington
Bush Lake Beach,27004700,2020-07-01T00:00:00Z,4,6.165827516153747,mpn,N,NA,Bloomington
Bush Lake Beach,27004700,2020-07-06T00:00:00Z,5,6.023901838726873,mpn,N,NA,Bloomington
Bush Lake Beach,27004700,2020-07-09T00:00:00Z,3.1,5.56747163968751,mpn,N,NA,Bloomington
Bush Lake Beach,27004700,2020-07-13T00:00:00Z,2,4.389239146660137,mpn,N,NA,Bloomington
Bush Lake Beach,27004700,2020-07-16T00:00:00Z,3.1,4.1621876271457365,mpn,N,NA,Bloomington
Bush Lake Beach,27004700,2020-07-20T00:00:00Z,3,4.7025684587513155,mpn,N,NA,Bloomington
Bush Lake Beach,27004700,2020-07-23T00:00:00Z,1,3.702558809586373,mpn,N,NA,Bloomington
Bush Lake Beach,27004700,2020-07-27T00:00:00Z,4.1,3.5299897468803683,mpn,N,NA,Bloomington
Bush Lake Beach,27004700,2020-07-30T00:00:00Z,13,3.4046322195282075,mpn,N,NA,Bloomington
Bush Lake Beach,27004700,2020-08-03T00:00:00Z,12.2,3.853730125659325,mpn,N,NA,Bloomington
Bush Lake Beach,27004700,2020-08-06T00:00:00Z,22.6,4.556952035733126,mpn,N,NA,Bloomington
Bush Lake Beach,27004700,2020-08-10T00:00:00Z,88.6,6.613939810289294,mpn,N,NA,Bloomington
Bush Lake Beach,27004700,2020-08-13T00:00:00Z,291,11.502132036697699,mpn,Y,ecoli_1dayGM,Bloomington
Bush Lake Beach,27004700,2020-08-17T00:00:00Z,365,19.538076786977904,mpn,Y,ecoli_1dayGM,Bloomington
Bush Lake Beach,27004700,2020-08-20T00:00:00Z,41,26.12561638802141,mpn,N,NA,Bloomington
Bush Lake Beach,27004700,2020-08-24T00:00:00Z,261,48.48218200317763,mpn,Y,ecoli_1dayGM,Bloomington
Bush Lake Beach,27004700,2020-08-27T00:00:00Z,93,68.58282812767214,mpn,N,NA,Bloomington
Bush Lake Beach,27004700,2020-08-31T00:00:00Z,33.2,76.11307168375127,mpn,N,NA,Bloomington
Bush Lake Beach,27004700,2020-09-03T00:00:00Z,236,105.78144381319179,mpn,Y,ecoli_1dayGM,Bloomington
Bush Lake Beach,27004700,2020-09-08T00:00:00Z,34.5,110.87197543116332,mpn,N,NA,Bloomington
Bush Lake Beach,27004700,2020-09-10T00:00:00Z,15.6,91.41335757313946,mpn,N,NA,Bloomington
Bush Lake Beach,27004700,2021-05-24T00:00:00Z,111,111,mpn,N,NA,Bloomington
Bush Lake Beach,27004700,2021-05-27T00:00:00Z,6.3,26.444281045246814,mpn,N,NA,Bloomington
Bush Lake Beach,27004700,2021-06-01T00:00:00Z,11.9,20.264543735868177,mpn,N,NA,Bloomington
Bush Lake Beach,27004700,2021-06-03T00:00:00Z,28.8,22.125889765878235,mpn,N,NA,Bloomington
Bush Lake Beach,27004700,2021-06-07T00:00:00Z,14.5,20.332659879556424,mpn,N,NA,Bloomington
Bush Lake Beach,27004700,2021-06-10T00:00:00Z,62,24.48464311542397,mpn,N,NA,Bloomington
Bush Lake Beach,27004700,2021-06-14T00:00:00Z,25.3,24.5994937779957,mpn,N,NA,Bloomington
Bush Lake Beach,27004700,2021-06-17T00:00:00Z,45,26.52845532493378,mpn,N,NA,Bloomington
Bush Lake Beach,27004700,2021-06-21T00:00:00Z,2,19.90533642926637,mpn,N,NA,Bloomington
Bush Lake Beach,27004700,2021-06-24T00:00:00Z,28.1,17.087510022925386,mpn,N,NA,Bloomington
Bush Lake Beach,27004700,2021-06-28T00:00:00Z,33.6,20.580523556029604,mpn,N,NA,Bloomington
Bush Lake Beach,27004700,2021-07-01T00:00:00Z,41,22.049013458499132,mpn,N,NA,Bloomington
Bush Lake Beach,27004700,2021-07-06T00:00:00Z,5.2,19.52318246894943,mpn,N,NA,Bloomington
Bush Lake Beach,27004700,2021-07-08T00:00:00Z,13.4,19.352790295688706,mpn,N,NA,Bloomington
Bush Lake Beach,27004700,2021-07-12T00:00:00Z,5.2,14.694164099305434,mpn,N,NA,Bloomington
Bush Lake Beach,27004700,2021-07-15T00:00:00Z,18.5,14.191864767369616,mpn,N,NA,Bloomington
Bush Lake Beach,27004700,2021-07-19T00:00:00Z,7.4,11.612627278522545,mpn,N,NA,Bloomington
Bush Lake Beach,27004700,2021-07-22T00:00:00Z,145,18.691093500099335,mpn,N,NA,Bloomington
Bush Lake Beach,27004700,2021-07-26T00:00:00Z,93.3,21.357139251095237,mpn,N,NA,Bloomington
Bush Lake Beach,27004700,2021-07-29T00:00:00Z,6.3,17.732315216401975,mpn,N,NA,Bloomington
Bush Lake Beach,27004700,2021-08-02T00:00:00Z,7.5,14.682373435615359,mpn,N,NA,Bloomington
Bush Lake Beach,27004700,2021-08-05T00:00:00Z,4.1,12.923942732238174,mpn,N,NA,Bloomington
Bush Lake Beach,27004700,2021-08-09T00:00:00Z,4.1,12.536625790498029,mpn,N,NA,Bloomington
Bush Lake Beach,27004700,2021-08-12T00:00:00Z,18.1,14.400142821448636,mpn,N,NA,Bloomington
Bush Lake Beach,27004700,2021-08-16T00:00:00Z,13.1,13.858339481238163,mpn,N,NA,Bloomington
Bush Lake Beach,27004700,2021-08-19T00:00:00Z,51.2,17.181013465022286,mpn,N,NA,Bloomington
Bush Lake Beach,27004700,2021-08-23T00:00:00Z,161,17.38199629683283,mpn,N,NA,Bloomington
Bush Lake Beach,27004700,2021-08-26T00:00:00Z,75.4,16.975427927942757,mpn,N,NA,Bloomington
Bush Lake Beach,27004700,2021-08-30T00:00:00Z,5.2,16.617322233712994,mpn,N,NA,Bloomington
Bush Lake Beach,27004700,2021-09-02T00:00:00Z,46.5,20.351881374653566,mpn,N,NA,Bloomington
Bush Lake Beach,27004700,2021-09-07T00:00:00Z,4.1,20.351881374653566,mpn,N,NA,Bloomington
Bush Lake Beach,27004700,2021-09-09T00:00:00Z,75.9,28.147071756430766,mpn,N,NA,Bloomington
Bush Lake Beach,27004700,2022-05-23T00:00:00Z,1,1,mpn,N,NA,Bloomington
Bush Lake Beach,27004700,2022-05-26T00:00:00Z,14.4,3.794733192202055,mpn,N,NA,Bloomington
Bush Lake Beach,27004700,2022-05-31T00:00:00Z,1,2.43288079822936,mpn,N,NA,Bloomington
Bush Lake Beach,27004700,2022-06-02T00:00:00Z,1,1.9480074928505935,mpn,N,NA,Bloomington
Bush Lake Beach,27004700,2022-06-06T00:00:00Z,4.1,2.260628870948856,mpn,N,NA,Bloomington
Bush Lake Beach,27004700,2022-06-09T00:00:00Z,9.8,2.886658469762826,mpn,N,NA,Bloomington
Bush Lake Beach,27004700,2022-06-14T00:00:00Z,12.1,3.5424869284483815,mpn,N,NA,Bloomington
Bush Lake Beach,27004700,2022-06-16T00:00:00Z,8.4,3.9462049327505775,mpn,N,NA,Bloomington
Bush Lake Beach,27004700,2022-06-21T00:00:00Z,59.4,5.333653964389669,mpn,N,NA,Bloomington
Bush Lake Beach,27004700,2022-06-23T00:00:00Z,16,7.257982979131884,mpn,N,NA,Bloomington
Bush Lake Beach,27004700,2022-06-27T00:00:00Z,5.2,6.481341858019634,mpn,N,NA,Bloomington
Bush Lake Beach,27004700,2022-06-30T00:00:00Z,7.5,6.576647462112917,mpn,N,NA,Bloomington
Bush Lake Beach,27004700,2022-07-05T00:00:00Z,20.1,11.316015146712417,mpn,N,NA,Bloomington
Bush Lake Beach,27004700,2022-07-07T00:00:00Z,3.1,10.969887371391204,mpn,N,NA,Bloomington
Bush Lake Beach,27004700,2022-07-11T00:00:00Z,2,9.194195102682796,mpn,N,NA,Bloomington
Bush Lake Beach,27004700,2022-07-14T00:00:00Z,4.1,8.480876314185092,mpn,N,NA,Bloomington
Bush Lake Beach,27004700,2022-07-18T00:00:00Z,3.1,7.2977565305589,mpn,N,NA,Bloomington
Bush Lake Beach,27004700,2022-07-21T00:00:00Z,1,5.982330924406818,mpn,N,NA,Bloomington
Bush Lake Beach,27004700,2022-07-25T00:00:00Z,42.6,5.168403230784535,mpn,N,NA,Bloomington
Bush Lake Beach,27004700,2022-07-28T00:00:00Z,2,4.647808646165587,mpn,N,NA,Bloomington
Bush Lake Beach,27004700,2022-08-01T00:00:00Z,19.5,5.168403230784535,mpn,N,NA,Bloomington
Bush Lake Beach,27004700,2022-08-04T00:00:00Z,27.5,6.108773457872689,mpn,N,NA,Bloomington
Bush Lake Beach,27004700,2022-08-08T00:00:00Z,5.1,5.655953716651585,mpn,N,NA,Bloomington
Bush Lake Beach,27004700,2022-08-11T00:00:00Z,260,9.713783989714974,mpn,Y,ecoli_1dayGM,Bloomington
Bush Lake Beach,27004700,2022-08-15T00:00:00Z,80.9,13.529932396373212,mpn,N,NA,Bloomington
Bush Lake Beach,27004700,2022-08-18T00:00:00Z,41.4,18.04540308341874,mpn,N,NA,Bloomington
Bush Lake Beach,27004700,2022-08-22T00:00:00Z,59.1,28.392892677546204,mpn,N,NA,Bloomington
Bush Lake Beach,27004700,2022-08-25T00:00:00Z,9.2,23.94703043786357,mpn,N,NA,Bloomington
Bush Lake Beach,27004700,2022-08-29T00:00:00Z,260,41.127684652668776,mpn,Y,ecoli_1dayGM,Bloomington
Bush Lake Beach,27004700,2022-09-01T00:00:00Z,2420,70.27107008056953,mpn,Y,ecoli_1dayGM,Bloomington
Bush Lake Beach,27004700,2022-09-06T00:00:00Z,517,97.35307222431271,mpn,Y,ecoli_1dayGM,Bloomington
Bush Lake Beach,27004700,2022-09-08T00:00:00Z,161,142.86756013688031,mpn,Y,ecoli_30dayGM,Bloomington
Bush Lake Beach,27004700,2022-09-12T00:00:00Z,45.5,117.71362784095113,mpn,N,NA,Bloomington
Bush Lake Beach,27004700,2023-05-22T00:00:00Z,2,2,mpn,N,NA,Bloomington
Bush Lake Beach,27004700,2023-05-25T00:00:00Z,6.3,3.5496478698597698,mpn,N,NA,Bloomington
Bush Lake Beach,27004700,2023-05-30T00:00:00Z,13.2,5.499393872598133,mpn,N,NA,Bloomington
Bush Lake Beach,27004700,2023-06-01T00:00:00Z,102,11.412641153953098,mpn,N,NA,Bloomington
Bush Lake Beach,27004700,2023-06-05T00:00:00Z,130,18.56511313227784,mpn,N,NA,Bloomington
Bush Lake Beach,27004700,2023-06-08T00:00:00Z,6.3,15.504987661571997,mpn,N,NA,Bloomington
Bush Lake Beach,27004700,2023-06-12T00:00:00Z,3.1,12.31965670875834,mpn,N,NA,Bloomington
Bush Lake Beach,27004700,2023-06-15T00:00:00Z,7.4,11.5591991313409,mpn,N,NA,Bloomington
Bush Lake Beach,27004700,2023-06-20T00:00:00Z,30.9,12.89364191609397,mpn,N,NA,Bloomington
Bush Lake Beach,27004700,2023-06-22T00:00:00Z,6.3,14.646823361669306,mpn,N,NA,Bloomington
Bush Lake Beach,27004700,2023-06-26T00:00:00Z,14.6,16.080530310508816,mpn,N,NA,Bloomington
Bush Lake Beach,27004700,2023-06-29T00:00:00Z,1,12.180646241207338,mpn,N,NA,Bloomington
Bush Lake Beach,27004700,2023-07-05T00:00:00Z,4.1,8.446979705235709,mpn,N,NA,Bloomington
Bush Lake Beach,27004700,2023-07-10T00:00:00Z,4.1,5.688223162484877,mpn,N,NA,Bloomington
Bush Lake Beach,27004700,2023-07-13T00:00:00Z,4.1,5.890530334477328,mpn,N,NA,Bloomington
Bush Lake Beach,27004700,2023-07-17T00:00:00Z,8.4,5.9846029539934475,mpn,N,NA,Bloomington
Bush Lake Beach,27004700,2023-07-20T00:00:00Z,6.3,6.018852478326372,mpn,N,NA,Bloomington
Bush Lake Beach,27004700,2023-07-24T00:00:00Z,1,3.897539566399685,mpn,N,NA,Bloomington
Bush Lake Beach,27004700,2023-07-27T00:00:00Z,70,4.741149836378804,mpn,N,NA,Bloomington
Bush Lake Beach,27004700,2023-07-31T00:00:00Z,7.5,6.099108209764513,mpn,N,NA,Bloomington
Bush Lake Beach,27004700,2023-08-03T00:00:00Z,23.1,7.071751079786437,mpn,N,NA,Bloomington
Bush Lake Beach,27004700,2023-08-07T00:00:00Z,6.3,7.417464677568815,mpn,N,NA,Bloomington
Bush Lake Beach,27004700,2023-08-10T00:00:00Z,23.1,8.988367771611133,mpn,N,NA,Bloomington
Bush Lake Beach,27004700,2023-08-14T00:00:00Z,5.2,9.228894167898158,mpn,N,NA,Bloomington
Bush Lake Beach,27004700,2023-08-17T00:00:00Z,14.5,9.806021846043194,mpn,N,NA,Bloomington
Bush Lake Beach,27004700,2023-08-21T00:00:00Z,18.7,11.066058809350679,mpn,N,NA,Bloomington
Bush Lake Beach,27004700,2023-08-24T00:00:00Z,21.3,15.544999328176173,mpn,N,NA,Bloomington
Bush Lake Beach,27004700,2023-08-29T00:00:00Z,6.3,11.895848672689194,mpn,N,NA,Bloomington
Bush Lake Beach,27004700,2023-08-31T00:00:00Z,548,19.163523012273615,mpn,Y,ecoli_1dayGM,Bloomington
Bush Lake Beach,27004700,2023-09-05T00:00:00Z,649,27.76096402535699,mpn,Y,ecoli_1dayGM,Bloomington
Bush Lake Beach,27004700,2024-05-20T00:00:00Z,4.1,4.1,mpn,N,NA,Bloomington
Bush Lake Beach,27004700,2024-05-23T00:00:00Z,15.6,7.997499609252881,mpn,N,NA,Bloomington
Bush Lake Beach,27004700,2024-05-28T00:00:00Z,5.1,6.883767766780605,mpn,N,NA,Bloomington
Bush Lake Beach,27004700,2024-05-30T00:00:00Z,13.2,8.100524513395573,mpn,N,NA,Bloomington
Bush Lake Beach,27004700,2024-06-03T00:00:00Z,236,15.899845822209581,mpn,Y,ecoli_1dayGM,Bloomington
Bush Lake Beach,27004700,2024-06-06T00:00:00Z,39.3,18.488124311747725,mpn,N,NA,Bloomington
Bush Lake Beach,27004700,2024-06-11T00:00:00Z,3.478505426185217,12.17636928060204,mpn,N,NA,Bloomington
Bush Lake Beach,27004700,2024-06-13T00:00:00Z,27.9,13.35141852621284,mpn,N,NA,Bloomington
Bush Lake Beach,27004700,2024-06-17T00:00:00Z,10.8,13.07124769611757,mpn,N,NA,Bloomington
Bush Lake Beach,27004700,2024-06-20T00:00:00Z,16.1,14.987225658561337,mpn,N,NA,Bloomington
Bush Lake Beach,27004700,2024-06-24T00:00:00Z,36.4,16.31243991234421,mpn,N,NA,Bloomington
Bush Lake Beach,27004700,2024-06-27T00:00:00Z,7.4,15.18137112501798,mpn,N,NA,Bloomington
Bush Lake Beach,27004700,2024-07-01T00:00:00Z,7.4,15.979046410980002,mpn,N,NA,Bloomington
Bush Lake Beach,27004700,2024-07-08T00:00:00Z,27.9,11.404855930179444,mpn,N,NA,Bloomington
Bush Lake Beach,27004700,2024-07-11T00:00:00Z,17.1,15.634693481889292,mpn,N,NA,Bloomington
Bush Lake Beach,27004700,2024-07-15T00:00:00Z,33.1,16.49226654821894,mpn,N,NA,Bloomington
Bush Lake Beach,27004700,2024-07-18T00:00:00Z,4.1,14.611686912063677,mpn,N,NA,Bloomington
Bush Lake Beach,27004700,2024-07-22T00:00:00Z,36.8,16.202353404714906,mpn,N,NA,Bloomington
Bush Lake Beach,27004700,2024-07-25T00:00:00Z,41.4,16.465141616545324,mpn,N,NA,Bloomington
Bush Lake Beach,27004700,2024-07-29T00:00:00Z,19.9,18.632371725429074,mpn,N,NA,Bloomington
Bush Lake Beach,27004700,2024-08-01T00:00:00Z,28.1,22.014177559299803,mpn,N,NA,Bloomington
Bush Lake Beach,27004700,2024-08-05T00:00:00Z,48.7,24.044542615090183,mpn,N,NA,Bloomington
Bush Lake Beach,27004700,2024-08-08T00:00:00Z,47.1,25.48502375956632,mpn,N,NA,Bloomington
Bush Lake Beach,27004700,2024-08-12T00:00:00Z,116,31.52605987335229,mpn,N,NA,Bloomington
Bush Lake Beach,27004700,2024-08-15T00:00:00Z,225,39.00798635811818,mpn,N,NA,Bloomington
Bush Lake Beach,27004700,2024-08-19T00:00:00Z,365,64.23410007915221,mpn,Y,ecoli_1dayGM,Bloomington
Bush Lake Beach,27004700,2024-08-22T00:00:00Z,47.3,66.05082330875614,mpn,N,NA,Bloomington
Bush Lake Beach,27004700,2024-08-26T00:00:00Z,488,86.8810066723712,mpn,Y,ecoli_1dayGM,Bloomington
Bush Lake Beach,27004700,2024-08-29T00:00:00Z,194,111.89431658042602,mpn,N,NA,Bloomington
Bush Lake Beach,27004700,2024-09-03T00:00:00Z,71.7,124.16793377548638,mpn,N,NA,Bloomington
Bush Lake Beach,27004700,2024-09-05T00:00:00Z,33.6,119.15149323689975,mpn,N,NA,Bloomington
Bush Lake Beach,27004700,2024-09-10T00:00:00Z,210,140.68009197579818,mpn,Y,ecoli_30dayGM,Bloomington
Bush Lake Beach,27004700,2024-09-12T00:00:00Z,816,174.730834595937,mpn,Y,ecoli_1dayGM,Bloomington
Bush Lake Beach,27004700,2024-06-10T00:00:00Z,1,12.18731845447429,mpn,N,NA,Bloomington
Bush Lake Beach,27004700,2007-05-21T00:00:00Z,9,9,cfu,N,NA,Bloomington
Bush Lake Beach,27004700,2007-05-24T00:00:00Z,385,58.86425061104575,cfu,Y,ecoli_1dayGM,Bloomington
Bush Lake Beach,27004700,2007-05-29T00:00:00Z,2,19.065333718303567,cfu,N,NA,Bloomington
Bush Lake Beach,27004700,2007-05-31T00:00:00Z,7,14.840817299452608,cfu,N,NA,Bloomington
Bush Lake Beach,27004700,2007-06-04T00:00:00Z,7,12.769851971202723,cfu,N,NA,Bloomington
Bush Lake Beach,27004700,2007-06-06T00:00:00Z,5,10.922361670449822,cfu,N,NA,Bloomington
Bush Lake Beach,27004700,2007-06-11T00:00:00Z,1,7.762214092331531,cfu,N,NA,Bloomington
Bush Lake Beach,27004700,2007-06-14T00:00:00Z,2,6.551883466249093,cfu,N,NA,Bloomington
Bush Lake Beach,27004700,2007-06-18T00:00:00Z,1,5.316903924207444,cfu,N,NA,Bloomington
Bush Lake Beach,27004700,2007-06-21T00:00:00Z,30,6.077940596054474,cfu,N,NA,Bloomington
Bush Lake Beach,27004700,2007-06-25T00:00:00Z,6,3.8277563599085465,cfu,N,NA,Bloomington
Bush Lake Beach,27004700,2007-06-28T00:00:00Z,4,3.84464156815852,cfu,N,NA,Bloomington
Bush Lake Beach,27004700,2007-07-02T00:00:00Z,2,3.5969968634965106,cfu,N,NA,Bloomington
Bush Lake Beach,27004700,2007-07-05T00:00:00Z,1,2.8976123026693927,cfu,N,NA,Bloomington
Bush Lake Beach,27004700,2007-07-09T00:00:00Z,10,3.1295943870322382,cfu,N,NA,Bloomington
Bush Lake Beach,27004700,2007-07-12T00:00:00Z,1,3.1295943870322382,cfu,N,NA,Bloomington
Bush Lake Beach,27004700,2007-07-16T00:00:00Z,6,3.5359126429471863,cfu,N,NA,Bloomington
Bush Lake Beach,27004700,2007-07-19T00:00:00Z,3,3.9949835896817016,cfu,N,NA,Bloomington
Bush Lake Beach,27004700,2007-07-23T00:00:00Z,1,2.7377287445670455,cfu,N,NA,Bloomington
Bush Lake Beach,27004700,2007-07-26T00:00:00Z,2,2.423131275401765,cfu,N,NA,Bloomington
Bush Lake Beach,27004700,2007-07-31T00:00:00Z,3,2.346901492963997,cfu,N,NA,Bloomington
Bush Lake Beach,27004700,2007-08-02T00:00:00Z,8,2.7377287445670455,cfu,N,NA,Bloomington
Bush Lake Beach,27004700,2007-08-06T00:00:00Z,9,3.4947600407466384,cfu,N,NA,Bloomington
Bush Lake Beach,27004700,2007-08-09T00:00:00Z,28,3.9183352125665247,cfu,N,NA,Bloomington
Bush Lake Beach,27004700,2007-08-13T00:00:00Z,22,5.524076225434923,cfu,N,NA,Bloomington
Bush Lake Beach,27004700,2007-08-16T00:00:00Z,8,5.703503921951802,cfu,N,NA,Bloomington
Bush Lake Beach,27004700,2007-08-20T00:00:00Z,70,8.09355207013133,cfu,N,NA,Bloomington
Bush Lake Beach,27004700,2007-08-23T00:00:00Z,370,15.613307468293627,cfu,Y,ecoli_1dayGM,Bloomington
Bush Lake Beach,27004700,2007-08-27T00:00:00Z,330,27.53480575844096,cfu,Y,ecoli_1dayGM,Bloomington
Bush Lake Beach,27004700,2007-08-30T00:00:00Z,10,24.882488695034095,cfu,N,NA,Bloomington
Bush Lake Beach,27004700,2007-09-04T00:00:00Z,34,36.96584581498579,cfu,N,NA,Bloomington
Bush Lake Beach,27004700,2007-09-06T00:00:00Z,25,41.40953654105744,cfu,N,NA,Bloomington
Bush Lake Beach,27004700,2007-09-10T00:00:00Z,3,32.30862724836333,cfu,N,NA,Bloomington
Bush Lake Beach,27004700,2007-09-13T00:00:00Z,24,32.622499623514855,cfu,N,NA,Bloomington
Bush Lake Beach,27004700,2007-09-18T00:00:00Z,36,38.55639341373617,cfu,N,NA,Bloomington
Bush Lake Beach,27004700,2007-09-20T00:00:00Z,125,41.12212142194929,cfu,N,NA,Bloomington
Bush Lake Beach,27004700,2007-09-24T00:00:00Z,13,28.345965066639508,cfu,N,NA,Bloomington
Bush Lake Beach,27004700,2007-09-28T00:00:00Z,30,21.716055814987882,cfu,N,NA,Bloomington
Bush Lake Beach,27004700,2008-05-19T00:00:00Z,1,1,cfu,N,NA,Bloomington
Bush Lake Beach,27004700,2008-05-22T00:00:00Z,5,2.23606797749979,cfu,N,NA,Bloomington
Bush Lake Beach,27004700,2008-05-27T00:00:00Z,2,2.154434690031884,cfu,N,NA,Bloomington
Bush Lake Beach,27004700,2008-05-29T00:00:00Z,18,3.6628415014847064,cfu,N,NA,Bloomington
Bush Lake Beach,27004700,2008-06-02T00:00:00Z,6,4.042823217079863,cfu,N,NA,Bloomington
Bush Lake Beach,27004700,2008-06-05T00:00:00Z,22,5.361764554918157,cfu,N,NA,Bloomington
Bush Lake Beach,27004700,2008-06-09T00:00:00Z,6,5.4486057429151735,cfu,N,NA,Bloomington
Bush Lake Beach,27004700,2008-06-12T00:00:00Z,5,5.390399599612912,cfu,N,NA,Bloomington
Bush Lake Beach,27004700,2008-06-16T00:00:00Z,1,4.470228709680508,cfu,N,NA,Bloomington
Bush Lake Beach,27004700,2008-06-19T00:00:00Z,25,6.392289140727064,cfu,N,NA,Bloomington
Bush Lake Beach,27004700,2008-06-23T00:00:00Z,41,8.075906525526674,cfu,N,NA,Bloomington
Bush Lake Beach,27004700,2008-06-26T00:00:00Z,26,9.077567563389588,cfu,N,NA,Bloomington
Bush Lake Beach,27004700,2008-06-30T00:00:00Z,22,10.981106916002883,cfu,N,NA,Bloomington
Bush Lake Beach,27004700,2008-07-02T00:00:00Z,4,9.926302525931009,cfu,N,NA,Bloomington
Bush Lake Beach,27004700,2008-07-07T00:00:00Z,6,9.08622734357698,cfu,N,NA,Bloomington
Bush Lake Beach,27004700,2008-07-10T00:00:00Z,3,8.412708127511246,cfu,N,NA,Bloomington
Bush Lake Beach,27004700,2008-07-14T00:00:00Z,2,7.598366983515722,cfu,N,NA,Bloomington
Bush Lake Beach,27004700,2008-07-17T00:00:00Z,1,7.598366983515722,cfu,N,NA,Bloomington
Bush Lake Beach,27004700,2008-07-21T00:00:00Z,1,5.313657985210771,cfu,N,NA,Bloomington
Bush Lake Beach,27004700,2008-07-24T00:00:00Z,6,4.291969640057748,cfu,N,NA,Bloomington
Bush Lake Beach,27004700,2008-07-28T00:00:00Z,11,3.9007460619384324,cfu,N,NA,Bloomington
Bush Lake Beach,27004700,2008-07-31T00:00:00Z,54,4.310005244375653,cfu,N,NA,Bloomington
Bush Lake Beach,27004700,2008-08-04T00:00:00Z,5,4.41820210087786,cfu,N,NA,Bloomington
Bush Lake Beach,27004700,2008-08-07T00:00:00Z,70,5.804906395744702,cfu,N,NA,Bloomington
Bush Lake Beach,27004700,2008-08-11T00:00:00Z,8,6.473290248090885,cfu,N,NA,Bloomington
Bush Lake Beach,27004700,2008-08-14T00:00:00Z,84,9.805869575113963,cfu,N,NA,Bloomington
Bush Lake Beach,27004700,2008-08-18T00:00:00Z,110,16.53131959278294,cfu,N,NA,Bloomington
Bush Lake Beach,27004700,2008-08-21T00:00:00Z,17,22.6476981876152,cfu,N,NA,Bloomington
Bush Lake Beach,27004700,2008-08-25T00:00:00Z,33,27.370743191382957,cfu,N,NA,Bloomington
Bush Lake Beach,27004700,2008-08-28T00:00:00Z,58,32.92401078238801,cfu,N,NA,Bloomington
Bush Lake Beach,27004700,2009-06-01T00:00:00Z,2,2,cfu,N,NA,Bloomington
Bush Lake Beach,27004700,2009-06-04T00:00:00Z,2,2,cfu,N,NA,Bloomington
Bush Lake Beach,27004700,2009-06-08T00:00:00Z,4,2.5198420997897464,cfu,N,NA,Bloomington
Bush Lake Beach,27004700,2009-06-11T00:00:00Z,6,3.1301691601465746,cfu,N,NA,Bloomington
Bush Lake Beach,27004700,2009-06-15T00:00:00Z,3,3.1036911478307196,cfu,N,NA,Bloomington
Bush Lake Beach,27004700,2009-06-18T00:00:00Z,66,5.166019849635867,cfu,N,NA,Bloomington
Bush Lake Beach,27004700,2009-06-22T00:00:00Z,5,5.141969421858778,cfu,N,NA,Bloomington
Bush Lake Beach,27004700,2009-06-25T00:00:00Z,5,5.124005107832912,cfu,N,NA,Bloomington
Bush Lake Beach,27004700,2009-06-29T00:00:00Z,1,4.273306545130297,cfu,N,NA,Bloomington
Bush Lake Beach,27004700,2009-07-01T00:00:00Z,6,4.420819347403195,cfu,N,NA,Bloomington
Bush Lake Beach,27004700,2009-07-07T00:00:00Z,6,5.454952754329275,cfu,N,NA,Bloomington
Bush Lake Beach,27004700,2009-07-09T00:00:00Z,10,6.03957738170502,cfu,N,NA,Bloomington
Bush Lake Beach,27004700,2009-07-13T00:00:00Z,26,7.108280560194478,cfu,N,NA,Bloomington
Bush Lake Beach,27004700,2009-07-16T00:00:00Z,19,8.726394078180203,cfu,N,NA,Bloomington
Bush Lake Beach,27004700,2009-07-20T00:00:00Z,48,8.423020449585561,cfu,N,NA,Bloomington
Bush Lake Beach,27004700,2009-07-23T00:00:00Z,22,9.930305211873653,cfu,N,NA,Bloomington
Bush Lake Beach,27004700,2009-07-27T00:00:00Z,13,11.042584892574295,cfu,N,NA,Bloomington
Bush Lake Beach,27004700,2009-07-30T00:00:00Z,38,16.542542436999323,cfu,N,NA,Bloomington
Bush Lake Beach,27004700,2009-08-03T00:00:00Z,13,18.02654474817814,cfu,N,NA,Bloomington
Bush Lake Beach,27004700,2009-08-06T00:00:00Z,80,20.923302819574445,cfu,N,NA,Bloomington
Bush Lake Beach,27004700,2009-08-10T00:00:00Z,8,23.449733136419184,cfu,N,NA,Bloomington
Bush Lake Beach,27004700,2009-08-13T00:00:00Z,7,20.26835143883518,cfu,N,NA,Bloomington
Bush Lake Beach,27004700,2009-08-17T00:00:00Z,13,19.431493255645616,cfu,N,NA,Bloomington
Bush Lake Beach,27004700,2009-08-20T00:00:00Z,144,21.954302755231954,cfu,N,NA,Bloomington
Bush Lake Beach,27004700,2009-08-24T00:00:00Z,44,23.71195850137846,cfu,N,NA,Bloomington
Bush Lake Beach,27004700,2009-08-27T00:00:00Z,8,22.46669939808067,cfu,N,NA,Bloomington
Bush Lake Beach,27004700,2009-08-31T00:00:00Z,10,19.369520731286237,cfu,N,NA,Bloomington
Bush Lake Beach,27004700,2009-09-03T00:00:00Z,160,25.60056861901644,cfu,N,NA,Bloomington
Bush Lake Beach,27004700,2010-05-24T00:00:00Z,45,45,cfu,N,NA,Bloomington
Bush Lake Beach,27004700,2010-05-27T00:00:00Z,82,60.74537019394976,cfu,N,NA,Bloomington
Bush Lake Beach,27004700,2010-06-01T00:00:00Z,3,22.286876524339693,cfu,N,NA,Bloomington
Bush Lake Beach,27004700,2010-06-03T00:00:00Z,4,14.50614128571076,cfu,N,NA,Bloomington
Bush Lake Beach,27004700,2010-06-07T00:00:00Z,26,16.301823699657604,cfu,N,NA,Bloomington
Bush Lake Beach,27004700,2010-06-14T00:00:00Z,15,16.077260049886092,cfu,N,NA,Bloomington
Bush Lake Beach,27004700,2010-06-17T00:00:00Z,3,12.64900052395148,cfu,N,NA,Bloomington
Bush Lake Beach,27004700,2010-06-21T00:00:00Z,20,13.394544015499175,cfu,N,NA,Bloomington
Bush Lake Beach,27004700,2010-06-24T00:00:00Z,10,11.098808790896078,cfu,N,NA,Bloomington
Bush Lake Beach,27004700,2010-06-28T00:00:00Z,8,8.29728267982036,cfu,N,NA,Bloomington
Bush Lake Beach,27004700,2010-07-01T00:00:00Z,15,8.861529865562417,cfu,N,NA,Bloomington
Bush Lake Beach,27004700,2010-07-06T00:00:00Z,29,12.997187603809309,cfu,N,NA,Bloomington
Bush Lake Beach,27004700,2010-07-08T00:00:00Z,35,13.489200958386403,cfu,N,NA,Bloomington
Bush Lake Beach,27004700,2010-07-12T00:00:00Z,10,13.047980856716116,cfu,N,NA,Bloomington
Bush Lake Beach,27004700,2010-07-15T00:00:00Z,30,14.092598797176617,cfu,N,NA,Bloomington
Bush Lake Beach,27004700,2010-07-19T00:00:00Z,16,16.973395253132033,cfu,N,NA,Bloomington
Bush Lake Beach,27004700,2010-07-22T00:00:00Z,200,21.9219829533479,cfu,N,NA,Bloomington
Bush Lake Beach,27004700,2010-07-26T00:00:00Z,10,21.9219829533479,cfu,N,NA,Bloomington
Bush Lake Beach,27004700,2010-07-29T00:00:00Z,2,18.79248797896512,cfu,N,NA,Bloomington
Bush Lake Beach,27004700,2010-08-02T00:00:00Z,24,19.799958462981927,cfu,N,NA,Bloomington
Bush Lake Beach,27004700,2010-08-06T00:00:00Z,215,24.736339999530454,cfu,N,NA,Bloomington
Bush Lake Beach,27004700,2010-08-10T00:00:00Z,52,25.84873914089225,cfu,N,NA,Bloomington
Bush Lake Beach,27004700,2010-08-13T00:00:00Z,135,34.5169175152981,cfu,N,NA,Bloomington
Bush Lake Beach,27004700,2010-08-16T00:00:00Z,52,36.6922597296933,cfu,N,NA,Bloomington
Bush Lake Beach,27004700,2010-08-19T00:00:00Z,280,50.4300963356831,cfu,Y,ecoli_1dayGM,Bloomington
Bush Lake Beach,27004700,2010-08-23T00:00:00Z,14,37.52903158042262,cfu,N,NA,Bloomington
Bush Lake Beach,27004700,2010-08-26T00:00:00Z,12,38.297045786117735,cfu,N,NA,Bloomington
Bush Lake Beach,27004700,2010-08-30T00:00:00Z,9,45.26311536376161,cfu,N,NA,Bloomington
Bush Lake Beach,27004700,2010-09-02T00:00:00Z,34,47.04916949103571,cfu,N,NA,Bloomington
Bush Lake Beach,27004700,2011-05-16T00:00:00Z,1,1,cfu,N,NA,Bloomington
Bush Lake Beach,27004700,2011-05-19T00:00:00Z,1,1,cfu,N,NA,Bloomington
Bush Lake Beach,27004700,2011-05-23T00:00:00Z,5,1.7099759466766968,cfu,N,NA,Bloomington
Bush Lake Beach,27004700,2011-05-26T00:00:00Z,1,1.4953487812212205,cfu,N,NA,Bloomington
Bush Lake Beach,27004700,2011-05-31T00:00:00Z,1,1.379729661461215,cfu,N,NA,Bloomington
Bush Lake Beach,27004700,2011-06-02T00:00:00Z,2,1.4677992676220695,cfu,N,NA,Bloomington
Bush Lake Beach,27004700,2011-06-06T00:00:00Z,1,1.3894954943731377,cfu,N,NA,Bloomington
Bush Lake Beach,27004700,2011-06-09T00:00:00Z,1,1.333521432163324,cfu,N,NA,Bloomington
Bush Lake Beach,27004700,2011-06-13T00:00:00Z,18,1.7806798073848689,cfu,N,NA,Bloomington
Bush Lake Beach,27004700,2011-06-16T00:00:00Z,11,2.32432114031339,cfu,N,NA,Bloomington
Bush Lake Beach,27004700,2011-06-21T00:00:00Z,12,3.0634102390033244,cfu,N,NA,Bloomington
Bush Lake Beach,27004700,2011-06-23T00:00:00Z,12,3.376376377544081,cfu,N,NA,Bloomington
Bush Lake Beach,27004700,2011-06-27T00:00:00Z,10,4.360757779381225,cfu,N,NA,Bloomington
Bush Lake Beach,27004700,2011-06-30T00:00:00Z,18,5.02496473581406,cfu,N,NA,Bloomington
Bush Lake Beach,27004700,2011-07-05T00:00:00Z,8,7.013458662741624,cfu,N,NA,Bloomington
Bush Lake Beach,27004700,2011-07-07T00:00:00Z,17,9.608349421447981,cfu,N,NA,Bloomington
Bush Lake Beach,27004700,2011-07-11T00:00:00Z,3,10.85581068841629,cfu,N,NA,Bloomington
Bush Lake Beach,27004700,2011-07-14T00:00:00Z,2,8.504236233886278,cfu,N,NA,Bloomington
Bush Lake Beach,27004700,2011-07-18T00:00:00Z,28,9.4345318324706,cfu,N,NA,Bloomington
Bush Lake Beach,27004700,2011-07-21T00:00:00Z,7,9.157103496116727,cfu,N,NA,Bloomington
Bush Lake Beach,27004700,2011-07-25T00:00:00Z,12,8.886098214784992,cfu,N,NA,Bloomington
Bush Lake Beach,27004700,2011-07-28T00:00:00Z,160,12.0921135912468,cfu,N,NA,Bloomington
Bush Lake Beach,27004700,2011-08-01T00:00:00Z,57,13.744365686698933,cfu,N,NA,Bloomington
Bush Lake Beach,27004700,2011-08-04T00:00:00Z,9,13.174571002783367,cfu,N,NA,Bloomington
Bush Lake Beach,27004700,2011-08-08T00:00:00Z,94,16.839461393550767,cfu,N,NA,Bloomington
Bush Lake Beach,27004700,2011-08-11T00:00:00Z,12,19.64372072639787,cfu,N,NA,Bloomington
Bush Lake Beach,27004700,2011-08-15T00:00:00Z,27,26.23109329669309,cfu,N,NA,Bloomington
Bush Lake Beach,27004700,2011-08-18T00:00:00Z,30,26.4329502854421,cfu,N,NA,Bloomington
Bush Lake Beach,27004700,2011-08-22T00:00:00Z,21,29.86476569997963,cfu,N,NA,Bloomington
Bush Lake Beach,27004700,2011-08-25T00:00:00Z,4,26.4329502854421,cfu,N,NA,Bloomington
Bush Lake Beach,27004700,2011-08-28T00:00:00Z,9,19.198635546663414,cfu,N,NA,Bloomington
Bush Lake Beach,27004700,2011-09-01T00:00:00Z,24,17.439336705972302,cfu,N,NA,Bloomington
Bush Lake Beach,27004700,2012-05-31T00:00:00Z,3,3,cfu,N,NA,Bloomington
Bush Lake Beach,27004700,2012-06-04T00:00:00Z,4,3.4641016151377544,cfu,N,NA,Bloomington
Bush Lake Beach,27004700,2012-06-07T00:00:00Z,4,3.634241185664279,cfu,N,NA,Bloomington
Bush Lake Beach,27004700,2012-06-11T00:00:00Z,10,4.680694638641432,cfu,N,NA,Bloomington
Bush Lake Beach,27004700,2012-06-14T00:00:00Z,4,4.535866310532109,cfu,N,NA,Bloomington
Bush Lake Beach,27004700,2012-06-18T00:00:00Z,10,5.174680473544891,cfu,N,NA,Bloomington
Bush Lake Beach,27004700,2012-06-21T00:00:00Z,10,5.685351474288464,cfu,N,NA,Bloomington
Bush Lake Beach,27004700,2012-06-25T00:00:00Z,4,5.440892590346865,cfu,N,NA,Bloomington
Bush Lake Beach,27004700,2012-06-28T00:00:00Z,1,4.507430348280105,cfu,N,NA,Bloomington
Bush Lake Beach,27004700,2012-07-02T00:00:00Z,13,5.305020119150279,cfu,N,NA,Bloomington
Bush Lake Beach,27004700,2012-07-05T00:00:00Z,1,4.547696576056068,cfu,N,NA,Bloomington
Bush Lake Beach,27004700,2012-07-09T00:00:00Z,2,4.210597258925808,cfu,N,NA,Bloomington
Bush Lake Beach,27004700,2012-07-12T00:00:00Z,10,4.210597258925808,cfu,N,NA,Bloomington
Bush Lake Beach,27004700,2012-07-16T00:00:00Z,10,4.661860352190033,cfu,N,NA,Bloomington
Bush Lake Beach,27004700,2012-07-19T00:00:00Z,1,3.6095091644317905,cfu,N,NA,Bloomington
Bush Lake Beach,27004700,2012-07-23T00:00:00Z,6,3.410344780818173,cfu,N,NA,Bloomington
Bush Lake Beach,27004700,2012-07-26T00:00:00Z,6,3.5675000115531477,cfu,N,NA,Bloomington
Bush Lake Beach,27004700,2012-07-30T00:00:00Z,60,5.622589074240842,cfu,N,NA,Bloomington
Bush Lake Beach,27004700,2012-08-02T00:00:00Z,20,5.898257779192681,cfu,N,NA,Bloomington
Bush Lake Beach,27004700,2012-08-06T00:00:00Z,75,9.529363412308474,cfu,N,NA,Bloomington
Bush Lake Beach,27004700,2012-08-09T00:00:00Z,16,12.006245555265483,cfu,N,NA,Bloomington
Bush Lake Beach,27004700,2012-08-13T00:00:00Z,240,17.090864305304162,cfu,Y,ecoli_1dayGM,Bloomington
Bush Lake Beach,27004700,2012-08-16T00:00:00Z,100,22.073700068330425,cfu,N,NA,Bloomington
Bush Lake Beach,27004700,2012-08-20T00:00:00Z,60,34.789444829806975,cfu,N,NA,Bloomington
Bush Lake Beach,27004700,2012-08-23T00:00:00Z,200,51.363693741118105,cfu,N,NA,Bloomington
Bush Lake Beach,27004700,2012-08-27T00:00:00Z,54,65.56667996704515,cfu,N,NA,Bloomington
Bush Lake Beach,27004700,2012-08-30T00:00:00Z,24,59.21989551154454,cfu,N,NA,Bloomington
Bush Lake Beach,27004700,2013-05-23T00:00:00Z,1,1,cfu,N,NA,Bloomington
Bush Lake Beach,27004700,2013-05-28T00:00:00Z,2,1.4142135623730951,cfu,N,NA,Bloomington
Bush Lake Beach,27004700,2013-05-30T00:00:00Z,300,8.434326653017491,cfu,Y,ecoli_1dayGM,Bloomington
Bush Lake Beach,27004700,2013-06-03T00:00:00Z,3,6.5135556243263055,cfu,N,NA,Bloomington
Bush Lake Beach,27004700,2013-06-06T00:00:00Z,1,4.477694926940431,cfu,N,NA,Bloomington
Bush Lake Beach,27004700,2013-06-10T00:00:00Z,6,4.701509224902395,cfu,N,NA,Bloomington
Bush Lake Beach,27004700,2013-06-13T00:00:00Z,12,5.374921713544796,cfu,N,NA,Bloomington
Bush Lake Beach,27004700,2013-06-17T00:00:00Z,14,6.058172421974728,cfu,N,NA,Bloomington
Bush Lake Beach,27004700,2013-06-20T00:00:00Z,12,6.536177073012126,cfu,N,NA,Bloomington
Bush Lake Beach,27004700,2013-06-24T00:00:00Z,2,7.059461702831355,cfu,N,NA,Bloomington
Bush Lake Beach,27004700,2013-06-27T00:00:00Z,24,7.978395334357708,cfu,N,NA,Bloomington
Bush Lake Beach,27004700,2013-07-01T00:00:00Z,6,6.0242941475519505,cfu,N,NA,Bloomington
Bush Lake Beach,27004700,2013-07-08T00:00:00Z,5,8.037584167613023,cfu,N,NA,Bloomington
Bush Lake Beach,27004700,2013-07-11T00:00:00Z,4,7.640365351103761,cfu,N,NA,Bloomington
Bush Lake Beach,27004700,2013-07-15T00:00:00Z,6,7.006245918523026,cfu,N,NA,Bloomington
Bush Lake Beach,27004700,2013-07-18T00:00:00Z,20,7.325683002969413,cfu,N,NA,Bloomington
Bush Lake Beach,27004700,2013-07-22T00:00:00Z,4,6.38569196534964,cfu,N,NA,Bloomington
Bush Lake Beach,27004700,2013-07-25T00:00:00Z,1,5.855705350885203,cfu,N,NA,Bloomington
Bush Lake Beach,27004700,2013-07-29T00:00:00Z,15,5.5215907933562844,cfu,N,NA,Bloomington
Bush Lake Beach,27004700,2013-08-01T00:00:00Z,16,6.2418066180403144,cfu,N,NA,Bloomington
Bush Lake Beach,27004700,2013-08-05T00:00:00Z,44,7.754402685564438,cfu,N,NA,Bloomington
Bush Lake Beach,27004700,2013-08-08T00:00:00Z,6,7.913092935975818,cfu,N,NA,Bloomington
Bush Lake Beach,27004700,2013-08-12T00:00:00Z,2,7.326532645399201,cfu,N,NA,Bloomington
Bush Lake Beach,27004700,2013-08-15T00:00:00Z,24,8.546613090260594,cfu,N,NA,Bloomington
Bush Lake Beach,27004700,2013-08-19T00:00:00Z,11,7.997338039593952,cfu,N,NA,Bloomington
Bush Lake Beach,27004700,2013-08-22T00:00:00Z,6,8.365870720496806,cfu,N,NA,Bloomington
Bush Lake Beach,27004700,2013-08-26T00:00:00Z,15,11.302849778661985,cfu,N,NA,Bloomington
Bush Lake Beach,27004700,2013-08-29T00:00:00Z,70,13.412880100525307,cfu,N,NA,Bloomington
Bush Lake Beach,27004700,2014-05-27T00:00:00Z,6,6,cfu,N,NA,Bloomington
Bush Lake Beach,27004700,2014-05-29T00:00:00Z,10,7.745966692414834,cfu,N,NA,Bloomington
Bush Lake Beach,27004700,2014-06-02T00:00:00Z,10,8.434326653017491,cfu,N,NA,Bloomington
Bush Lake Beach,27004700,2014-06-05T00:00:00Z,2,5.885661912765424,cfu,N,NA,Bloomington
Bush Lake Beach,27004700,2014-06-09T00:00:00Z,1,4.128917917333368,cfu,N,NA,Bloomington
Bush Lake Beach,27004700,2014-06-11T00:00:00Z,13.114877048604,5.74439429019993,cfu,N,NA,Bloomington
Bush Lake Beach,27004700,2014-06-16T00:00:00Z,6,5.775739774747555,cfu,N,NA,Bloomington
Bush Lake Beach,27004700,2014-06-19T00:00:00Z,115,8.05287533592594,cfu,N,NA,Bloomington
Bush Lake Beach,27004700,2014-06-23T00:00:00Z,3,7.295717410328261,cfu,N,NA,Bloomington
Bush Lake Beach,27004700,2014-06-26T00:00:00Z,25,8.160048340710903,cfu,N,NA,Bloomington
Bush Lake Beach,27004700,2014-06-30T00:00:00Z,4,7.678084348536535,mpn,N,NA,Bloomington
Bush Lake Beach,27004700,2014-07-02T00:00:00Z,1,6.379334050739499,mpn,N,NA,Bloomington
Bush Lake Beach,27004700,2014-07-07T00:00:00Z,2,6.098919186637161,mpn,N,NA,Bloomington
Bush Lake Beach,27004700,2014-07-10T00:00:00Z,7,7.409052681386147,mpn,N,NA,Bloomington
Bush Lake Beach,27004700,2014-07-14T00:00:00Z,1,5.224093379309613,mpn,N,NA,Bloomington
Bush Lake Beach,27004700,2014-07-17T00:00:00Z,1,4.2810438986309975,mpn,N,NA,Bloomington
Bush Lake Beach,27004700,2014-07-21T00:00:00Z,3,2.8549383025203374,mpn,N,NA,Bloomington
Bush Lake Beach,27004700,2014-07-24T00:00:00Z,3,2.8549383025203374,mpn,N,NA,Bloomington
Bush Lake Beach,27004700,2014-07-28T00:00:00Z,4,2.328979223102158,mpn,N,NA,Bloomington
Bush Lake Beach,27004700,2014-07-31T00:00:00Z,29,2.9024097616292206,mpn,N,NA,Bloomington
Bush Lake Beach,27004700,2014-08-04T00:00:00Z,24,4.131573951745513,mpn,N,NA,Bloomington
Bush Lake Beach,27004700,2014-08-07T00:00:00Z,2,4.131573951745513,mpn,N,NA,Bloomington
Bush Lake Beach,27004700,2014-08-11T00:00:00Z,11,4.344362405334979,mpn,N,NA,Bloomington
Bush Lake Beach,27004700,2014-08-14T00:00:00Z,201,7.831351548692716,mpn,N,NA,Bloomington
Bush Lake Beach,27004700,2014-08-18T00:00:00Z,33,11.549428403315003,mpn,N,NA,Bloomington
Bush Lake Beach,27004700,2014-08-21T00:00:00Z,9,13.048901825524071,mpn,N,NA,Bloomington
Bush Lake Beach,27004700,2014-08-25T00:00:00Z,4,13.472743622972173,mpn,N,NA,Bloomington
Bush Lake Beach,27004700,2014-08-28T00:00:00Z,1,11.549428403315003,mpn,N,NA,Bloomington
Bush Lake Beach,27004700,2015-05-28T00:00:00Z,13,13,mpn,N,NA,Bloomington
Bush Lake Beach,27004700,2015-06-01T00:00:00Z,10,11.40175425099138,mpn,N,NA,Bloomington
Bush Lake Beach,27004700,2015-06-04T00:00:00Z,1,5.065797019100886,mpn,N,NA,Bloomington
Bush Lake Beach,27004700,2015-06-08T00:00:00Z,5,5.049267032744845,mpn,N,NA,Bloomington
Bush Lake Beach,27004700,2014-06-11T00:00:00Z,13.114877048604,5.74439429019993,mpn,N,NA,Bloomington
Bush Lake Beach,27004700,2015-06-15T00:00:00Z,9,5.668017379343164,mpn,N,NA,Bloomington
Bush Lake Beach,27004700,2015-06-18T00:00:00Z,6,5.722043908590109,mpn,N,NA,Bloomington
Bush Lake Beach,27004700,2015-06-23T00:00:00Z,23,6.9801078996314985,mpn,N,NA,Bloomington
Bush Lake Beach,27004700,2015-06-25T00:00:00Z,1,5.474940062603107,mpn,N,NA,Bloomington
Bush Lake Beach,27004700,2015-06-29T00:00:00Z,15,5.573754774857669,mpn,N,NA,Bloomington
Bush Lake Beach,27004700,2015-07-01T00:00:00Z,10,5.947762946943775,mpn,N,NA,Bloomington
Bush Lake Beach,27004700,2015-07-06T00:00:00Z,7,7.108616944077369,mpn,N,NA,Bloomington
Bush Lake Beach,27004700,2015-07-09T00:00:00Z,1,5.813181220114212,mpn,N,NA,Bloomington
Bush Lake Beach,27004700,2015-07-13T00:00:00Z,54,7.446757026270244,mpn,N,NA,Bloomington
Bush Lake Beach,27004700,2015-07-16T00:00:00Z,29,8.48064540591295,mpn,N,NA,Bloomington
Bush Lake Beach,27004700,2015-07-20T00:00:00Z,111,11.728048776391006,mpn,N,NA,Bloomington
Bush Lake Beach,27004700,2015-07-23T00:00:00Z,16,12.098044717117169,mpn,N,NA,Bloomington
Bush Lake Beach,27004700,2015-07-27T00:00:00Z,50,17.397555264311183,mpn,N,NA,Bloomington
Bush Lake Beach,27004700,2015-07-30T00:00:00Z,17,17.6411935557777,mpn,N,NA,Bloomington
Bush Lake Beach,27004700,2015-08-03T00:00:00Z,13,18.16303155561297,mpn,N,NA,Bloomington
Bush Lake Beach,27004700,2015-08-06T00:00:00Z,35,21.71959242306852,mpn,N,NA,Bloomington
Bush Lake Beach,27004700,2015-08-10T00:00:00Z,19,30.12557914666616,mpn,N,NA,Bloomington
Bush Lake Beach,27004700,2015-08-13T00:00:00Z,31,28.323965978237887,mpn,N,NA,Bloomington
Bush Lake Beach,27004700,2015-08-17T00:00:00Z,54,30.349643439010116,mpn,N,NA,Bloomington
Bush Lake Beach,27004700,2015-08-20T00:00:00Z,15,24.298098650350806,mpn,N,NA,Bloomington
Bush Lake Beach,27004700,2015-08-24T00:00:00Z,35,26.5060063588385,mpn,N,NA,Bloomington
Bush Lake Beach,27004700,2015-08-27T00:00:00Z,32,25.223696917046073,mpn,N,NA,Bloomington
Bush Lake Beach,27004700,2015-08-31T00:00:00Z,47,28.24105024204359,mpn,N,NA,Bloomington
Bush Lake Beach,27004700,2015-09-03T00:00:00Z,54.6,33.123083894892844,mpn,N,NA,Bloomington
