beach_name,date,Ecoli_1dGM,Ecoli_30dGM,Ecoli_units,ClosureYN,ClosureReason,MonitoringOrg,DOW,units
Sand Point Beach,2014-06-24,7.3,7.3,,N,NA,PriorLake,70002600,mpn
Sand Point Beach,2014-07-01,1,2.7,,N,NA,PriorLake,70002600,mpn
Sand Point Beach,2014-07-08,31.1,6.1,,N,NA,PriorLake,70002600,mpn
Sand Point Beach,2014-07-15,200.2,14.6,,N,NA,PriorLake,70002600,mpn
Sand Point Beach,2014-07-22,31,29.6,,N,NA,PriorLake,70002600,mpn
Sand Point Beach,2014-07-29,8.4,30.1,,N,NA,PriorLake,70002600,mpn
Sand Point Beach,2014-08-05,44.5,48.4,,N,NA,PriorLake,70002600,mpn
Sand Point Beach,2014-08-12,105.2,56.4,,N,NA,PriorLake,70002600,mpn
Sand Point Beach,2014-08-19,18.4,29.5,,N,NA,PriorLake,70002600,mpn
Sand Point Beach,2014-08-26,8.1,22.6,,N,NA,PriorLake,70002600,mpn
Sand Point Beach,2014-07-16,120.6,22.3,,N,NA,PriorLake,70002600,mpn
Sand Point Beach,2014-07-17,103.7,28.8,,N,NA,PriorLake,70002600,mpn
Sand Point Beach,2014-07-18,33.5,29.4,,N,NA,PriorLake,70002600,mpn
Sand Point Beach,2015-06-09,40,40,,N,NA,PriorLake,70002600,mpn
Sand Point Beach,2015-06-16,5.1,14.3,,N,NA,PriorLake,70002600,mpn
Sand Point Beach,2015-06-23,21.6,16.4,,N,NA,PriorLake,70002600,mpn
Sand Point Beach,2015-06-30,3.9,11.4,,N,NA,PriorLake,70002600,mpn
Sand Point Beach,2015-07-07,46.6,15.1,,N,NA,PriorLake,70002600,mpn
Sand Point Beach,2015-07-14,19.3,13.1,,N,NA,PriorLake,70002600,mpn
Sand Point Beach,2015-07-21,214.1,27.6,,N,NA,PriorLake,70002600,mpn
Sand Point Beach,2015-07-28,131.9,39.7,,N,NA,PriorLake,70002600,mpn
Sand Point Beach,2015-08-04,9.9,47.9,,N,NA,PriorLake,70002600,mpn
Sand Point Beach,2015-08-07,11,35.9,,N,NA,PriorLake,70002600,mpn
Sand Point Beach,2015-08-11,235.4,49.1,,N,NA,PriorLake,70002600,mpn
Sand Point Beach,2015-08-13,102,54.5,,N,NA,PriorLake,70002600,mpn
Sand Point Beach,2015-08-18,10.4,49.9,,N,NA,PriorLake,70002600,mpn
Sand Point Beach,2015-08-25,7.3,30.8,,N,NA,PriorLake,70002600,mpn
Sand Point Beach,2016-05-24,3.6,3.6,,N,NA,PriorLake,70002600,mpn
Sand Point Beach,2016-06-01,6.9,5,,N,NA,PriorLake,70002600,mpn
Sand Point Beach,2016-06-07,2,3.7,,N,NA,PriorLake,70002600,mpn
Sand Point Beach,2016-06-14,1.4,2.9,,N,NA,PriorLake,70002600,mpn
Sand Point Beach,2016-06-21,9.9,3.7,,N,NA,PriorLake,70002600,mpn
Sand Point Beach,2016-06-28,11,4.6,,N,NA,PriorLake,70002600,mpn
Sand Point Beach,2016-07-05,6.9,4.6,,N,NA,PriorLake,70002600,mpn
Sand Point Beach,2016-07-12,6.9,5.9,,N,NA,PriorLake,70002600,mpn
Sand Point Beach,2016-07-19,7.2,8.2,,N,NA,PriorLake,70002600,mpn
Sand Point Beach,2016-07-26,3.7,6.8,,N,NA,PriorLake,70002600,mpn
Sand Point Beach,2016-08-02,18.2,7.5,,N,NA,PriorLake,70002600,mpn
Sand Point Beach,2016-08-09,3.5,6.5,,N,NA,PriorLake,70002600,mpn
Sand Point Beach,2016-08-23,2.4,4.9,,N,NA,PriorLake,70002600,mpn
Sand Point Beach,2016-08-31,40.2,8.9,,N,NA,PriorLake,70002600,mpn
Sand Point Beach,2017-05-30,15.4,15.4,,N,NA,PriorLake,70002600,mpn
Sand Point Beach,2017-06-06,11.4,13.3,,N,NA,PriorLake,70002600,mpn
Sand Point Beach,2017-06-13,41.2,19.4,,N,NA,PriorLake,70002600,mpn
Sand Point Beach,2017-06-20,6.2,14.6,,N,NA,PriorLake,70002600,mpn
Sand Point Beach,2017-06-27,12.2,14.1,,N,NA,PriorLake,70002600,mpn
Sand Point Beach,2017-07-05,16,14.2,,N,NA,PriorLake,70002600,mpn
Sand Point Beach,2017-07-11,113.8,22.5,,N,NA,PriorLake,70002600,mpn
Sand Point Beach,2017-07-18,23.7,20.1,,N,NA,PriorLake,70002600,mpn
Sand Point Beach,2017-07-25,8.9,21.6,,N,NA,PriorLake,70002600,mpn
Sand Point Beach,2017-08-01,174.3,36.8,,N,NA,PriorLake,70002600,mpn
Sand Point Beach,2017-08-08,9.5,33.1,,N,NA,PriorLake,70002600,mpn
Sand Point Beach,2017-08-15,249.8,38.8,,N,NA,PriorLake,70002600,mpn
Sand Point Beach,2017-08-16,155.9,48.9,,N,NA,PriorLake,70002600,mpn
Sand Point Beach,2017-08-22,40.3,53.4,,N,NA,PriorLake,70002600,mpn
Sand Point Beach,2017-08-29,8.8,53.3,,N,NA,PriorLake,70002600,mpn
Sand Point Beach,2018-05-22,1,1,,N,NA,PriorLake,70002600,mpn
Sand Point Beach,2018-06-05,1.7,1.3,,N,NA,PriorLake,70002600,mpn
Sand Point Beach,2018-06-12,5.5,2.1,,N,NA,PriorLake,70002600,mpn
Sand Point Beach,2018-06-19,13.4,3.4,,N,NA,PriorLake,70002600,mpn
Sand Point Beach,2018-06-26,38.3,8.4,,N,NA,PriorLake,70002600,mpn
Sand Point Beach,2018-07-02,15.3,9.4,,N,NA,PriorLake,70002600,mpn
Sand Point Beach,2018-07-10,3.5,10.8,,N,NA,PriorLake,70002600,mpn
Sand Point Beach,2018-07-17,12.4,12.8,,N,NA,PriorLake,70002600,mpn
Sand Point Beach,2018-07-24,14.1,12.9,,N,NA,PriorLake,70002600,mpn
Sand Point Beach,2018-07-31,12.6,10.3,,N,NA,PriorLake,70002600,mpn
Sand Point Beach,2018-08-07,11.8,9.8,,N,NA,PriorLake,70002600,mpn
Sand Point Beach,2018-08-14,24.9,14.5,,N,NA,PriorLake,70002600,mpn
Sand Point Beach,2018-08-21,10,13.9,,N,NA,PriorLake,70002600,mpn
Sand Point Beach,2018-08-28,9.9,13,,N,NA,PriorLake,70002600,mpn
Sand Point Beach,2019-05-21,4.7,4.7,,N,NA,PriorLake,70002600,mpn
Sand Point Beach,2019-05-28,4.5,4.6,,N,NA,PriorLake,70002600,mpn
Sand Point Beach,2019-06-04,1.4,3.1,,N,NA,PriorLake,70002600,mpn
Sand Point Beach,2019-06-11,3.5,3.2,,N,NA,PriorLake,70002600,mpn
Sand Point Beach,2019-06-18,1,2.5,,N,NA,PriorLake,70002600,mpn
Sand Point Beach,2019-06-25,12,3,,N,NA,PriorLake,70002600,mpn
Sand Point Beach,2019-07-02,26.6,4.4,,N,NA,PriorLake,70002600,mpn
Sand Point Beach,2019-07-09,243.4,12.2,,N,NA,PriorLake,70002600,mpn
Sand Point Beach,2019-07-10,6.2,10.9,,N,NA,PriorLake,70002600,mpn
Sand Point Beach,2019-07-16,59.2,17.5,,N,NA,PriorLake,70002600,mpn
Sand Point Beach,2019-07-23,21.6,29.1,,N,NA,PriorLake,70002600,mpn
Sand Point Beach,2019-07-30,11,28.7,,N,NA,PriorLake,70002600,mpn
Sand Point Beach,2019-08-06,67.2,33.5,,N,NA,PriorLake,70002600,mpn
Sand Point Beach,2019-08-13,16.5,27.4,,N,NA,PriorLake,70002600,mpn
Sand Point Beach,2019-08-20,14.4,20.7,,N,NA,PriorLake,70002600,mpn
Sand Point Beach,2019-08-27,1.7,12.5,,N,NA,PriorLake,70002600,mpn
Sand Point Beach,2020-06-02,5.5,5.5,,N,NA,PriorLake,70002600,mpn
Sand Point Beach,2020-06-09,4.2,4.8,,N,NA,PriorLake,70002600,mpn
Sand Point Beach,2020-06-16,25.3,8.4,,N,NA,PriorLake,70002600,mpn
Sand Point Beach,2020-06-23,99.7,15.6,,N,NA,PriorLake,70002600,mpn
Sand Point Beach,2020-06-30,151.1,24.5,,N,NA,PriorLake,70002600,mpn
Sand Point Beach,2020-07-01,152.2,33.2,,N,NA,PriorLake,70002600,mpn
Sand Point Beach,2020-07-07,317.4,65.4,,N,NA,PriorLake,70002600,mpn
Sand Point Beach,2020-07-14,344.7,136.1,,Y,ecoli_30dayGM,PriorLake,70002600,mpn
Sand Point Beach,2020-07-15,456.4,161.7,,Y,ecoli_30dayGM,PriorLake,70002600,mpn
Sand Point Beach,2020-07-21,7.9,137.1,,Y,ecoli_30dayGM,PriorLake,70002600,mpn
Sand Point Beach,2020-07-22,7.3,95.1,,N,NA,PriorLake,70002600,mpn
Sand Point Beach,2020-07-28,68.2,90.7,,N,NA,PriorLake,70002600,mpn
Sand Point Beach,2020-08-04,6.6,53.9,,N,NA,PriorLake,70002600,mpn
Sand Point Beach,2020-08-11,13.9,34.4,,N,NA,PriorLake,70002600,mpn
Sand Point Beach,2020-08-18,2.4,9.8,,N,NA,PriorLake,70002600,mpn
Sand Point Beach,2020-08-25,11,11.1,,N,NA,PriorLake,70002600,mpn
Sand Point Beach,2020-09-01,14.5,8.1,,N,NA,PriorLake,70002600,mpn
Sand Point Beach,2021-05-25,36.5,36.5,,N,NA,PriorLake,70002600,mpn
Sand Point Beach,2021-06-08,11,20,,N,NA,PriorLake,70002600,mpn
Sand Point Beach,2021-06-15,1.4,8.3,,N,NA,PriorLake,70002600,mpn
Sand Point Beach,2021-06-22,1.4,5.3,,N,NA,PriorLake,70002600,mpn
Sand Point Beach,2021-06-30,3.5,3,,N,NA,PriorLake,70002600,mpn
Sand Point Beach,2021-07-06,1,2.4,,N,NA,PriorLake,70002600,mpn
Sand Point Beach,2021-07-13,1.7,1.6,,N,NA,PriorLake,70002600,mpn
Sand Point Beach,2021-07-20,2.8,1.9,,N,NA,PriorLake,70002600,mpn
Sand Point Beach,2021-07-27,2.2,2.1,,N,NA,PriorLake,70002600,mpn
Sand Point Beach,2021-08-03,1,1.6,,N,NA,PriorLake,70002600,mpn
Sand Point Beach,2021-08-10,24.1,3,,N,NA,PriorLake,70002600,mpn
Sand Point Beach,2021-08-17,1,2.7,,N,NA,PriorLake,70002600,mpn
Sand Point Beach,2021-08-24,97.1,5.5,,N,NA,PriorLake,70002600,mpn
Sand Point Beach,2021-08-31,25.1,9,,N,NA,PriorLake,70002600,mpn
Sand Point Beach,2022-05-24,2.8,2.8,,N,NA,PriorLake,70002600,mpn
Sand Point Beach,2022-05-31,122,18.6,,N,NA,PriorLake,70002600,mpn
Sand Point Beach,2022-06-07,1.4,7.9,,N,NA,PriorLake,70002600,mpn
Sand Point Beach,2022-06-14,5,7,,N,NA,PriorLake,70002600,mpn
Sand Point Beach,2022-06-21,11.8,7.8,,N,NA,PriorLake,70002600,mpn
Sand Point Beach,2022-06-28,14,10.7,,N,NA,PriorLake,70002600,mpn
Sand Point Beach,2022-07-05,28,8,,N,NA,PriorLake,70002600,mpn
Sand Point Beach,2022-07-12,3,9.3,,N,NA,PriorLake,70002600,mpn
Sand Point Beach,2022-07-19,4.5,9.1,,N,NA,PriorLake,70002600,mpn
Sand Point Beach,2022-07-26,1.4,5.9,,N,NA,PriorLake,70002600,mpn
Sand Point Beach,2022-08-02,8.5,5.4,,N,NA,PriorLake,70002600,mpn
Sand Point Beach,2022-08-09,2.8,3.4,,N,NA,PriorLake,70002600,mpn
Sand Point Beach,2022-08-16,126.6,7.2,,N,NA,PriorLake,70002600,mpn
Sand Point Beach,2022-08-23,2.2,6.3,,N,NA,PriorLake,70002600,mpn
Sand Point Beach,2023-05-23,1.7,1.7,,N,NA,PriorLake,70002600,mpn
Sand Point Beach,2023-05-30,1.4,1.6,,N,NA,PriorLake,70002600,mpn
Sand Point Beach,2023-06-06,11.5,3,,N,NA,PriorLake,70002600,mpn
Sand Point Beach,2023-06-13,13.6,4.4,,N,NA,PriorLake,70002600,mpn
Sand Point Beach,2023-06-20,1.7,3.7,,N,NA,PriorLake,70002600,mpn
Sand Point Beach,2023-06-27,10.5,5.3,,N,NA,PriorLake,70002600,mpn
Sand Point Beach,2023-07-04,17.7,8.7,,N,NA,PriorLake,70002600,mpn
Sand Point Beach,2023-07-11,3.5,6.9,,N,NA,PriorLake,70002600,mpn
Sand Point Beach,2023-07-18,10.2,6.5,,N,NA,PriorLake,70002600,mpn
Sand Point Beach,2023-07-25,28.5,11.4,,N,NA,PriorLake,70002600,mpn
Sand Point Beach,2023-08-01,23.7,13.4,,N,NA,PriorLake,70002600,mpn
Sand Point Beach,2023-08-08,7,11.1,,N,NA,PriorLake,70002600,mpn
Sand Point Beach,2023-08-15,6.6,12.6,,N,NA,PriorLake,70002600,mpn
Sand Point Beach,2023-08-22,69.3,18.5,,N,NA,PriorLake,70002600,mpn
Sand Point Beach,2024-05-21,8,8,,N,NA,PriorLake,70002600,mpn
Sand Point Beach,2024-06-04,12,9.8,,N,NA,PriorLake,70002600,mpn
Sand Point Beach,2024-06-11,3.5,6.9,,N,NA,PriorLake,70002600,mpn
Sand Point Beach,2024-06-18,1,4.3,,N,NA,PriorLake,70002600,mpn
Sand Point Beach,2024-06-25,10.6,4.6,,N,NA,PriorLake,70002600,mpn
Sand Point Beach,2024-07-02,9.2,5.3,,N,NA,PriorLake,70002600,mpn
Sand Point Beach,2024-07-09,92,7.9,,N,NA,PriorLake,70002600,mpn
Sand Point Beach,2024-07-16,10.2,9.8,,N,NA,PriorLake,70002600,mpn
Sand Point Beach,2024-07-23,23.5,18.5,,N,NA,PriorLake,70002600,mpn
Sand Point Beach,2024-07-30,38.7,23.9,,N,NA,PriorLake,70002600,mpn
Sand Point Beach,2024-08-06,9.4,24,,N,NA,PriorLake,70002600,mpn
Sand Point Beach,2024-08-13,28.8,19,,N,NA,PriorLake,70002600,mpn
Sand Point Beach,2024-08-20,14.5,20.4,,N,NA,PriorLake,70002600,mpn
Sand Point Beach,2025-05-20,25.3,25.3,,N,NA,PriorLake,70002600,mpn
Sand Point Beach,2025-05-27,1,5,,N,NA,PriorLake,70002600,mpn
Sand Point Beach,2025-06-03,24.7,8.5,,N,NA,PriorLake,70002600,mpn
Sand Point Beach,2025-06-10,13,9.5,,N,NA,PriorLake,70002600,mpn
Sand Point Beach,2025-06-17,44.2,12.9,,N,NA,PriorLake,70002600,mpn
Sand Point Beach,2025-06-24,6.9,10,,N,NA,PriorLake,70002600,mpn
Sand Point Beach,2025-07-01,47.4,21.6,,N,NA,PriorLake,70002600,mpn
Sand Point Beach,2025-07-08,794.7,43.2,,N,NA,PriorLake,70002600,mpn
Sand Point Beach,2025-07-15,106.6,65.7,,N,NA,PriorLake,70002600,mpn
Sand Point Beach,2025-07-22,71.9,72.5,,N,NA,PriorLake,70002600,mpn
Sand Point Beach,2025-07-29,68.3,114.5,,N,NA,PriorLake,70002600,mpn
Sand Point Beach,2025-08-05,94.5,131.5,,Y,ecoli_30dayGM,PriorLake,70002600,mpn
Watzl's Beach,2014-06-24,151.6,151.6,,Y,ecoli_30dayGM,PriorLake,70002600,mpn
Watzl's Beach,2014-07-01,4.7,26.7,,N,NA,PriorLake,70002600,mpn
Watzl's Beach,2014-07-08,358.1,63.4,,N,NA,PriorLake,70002600,mpn
Watzl's Beach,2014-07-15,1.4,24.5,,N,NA,PriorLake,70002600,mpn
Watzl's Beach,2014-07-22,28.8,13.8,,N,NA,PriorLake,70002600,mpn
Watzl's Beach,2014-07-29,1,7.4,,N,NA,PriorLake,70002600,mpn
Watzl's Beach,2014-08-05,4.2,7.3,,N,NA,PriorLake,70002600,mpn
Watzl's Beach,2014-08-12,21.2,5.1,,N,NA,PriorLake,70002600,mpn
Watzl's Beach,2014-08-19,195.5,13.8,,N,NA,PriorLake,70002600,mpn
Watzl's Beach,2014-08-26,18.4,12.6,,N,NA,PriorLake,70002600,mpn
Watzl's Beach,2014-07-16,1,12.9,,N,NA,PriorLake,70002600,mpn
Watzl's Beach,2014-07-17,7.7,11.9,,N,NA,PriorLake,70002600,mpn
Watzl's Beach,2014-07-18,16.1,12.4,,N,NA,PriorLake,70002600,mpn
Watzl's Beach,2015-06-09,4.9,4.9,,N,NA,PriorLake,70002600,mpn
Watzl's Beach,2015-06-16,4.5,4.7,,N,NA,PriorLake,70002600,mpn
Watzl's Beach,2015-06-23,32.5,8.9,,N,NA,PriorLake,70002600,mpn
Watzl's Beach,2015-06-30,20.3,11,,N,NA,PriorLake,70002600,mpn
Watzl's Beach,2015-07-07,7.7,10.2,,N,NA,PriorLake,70002600,mpn
Watzl's Beach,2015-07-14,17.9,13.3,,N,NA,PriorLake,70002600,mpn
Watzl's Beach,2015-07-21,4.9,13.5,,N,NA,PriorLake,70002600,mpn
Watzl's Beach,2015-07-28,877.2,26.1,,N,NA,PriorLake,70002600,mpn
Watzl's Beach,2015-07-30,2.8,18,,N,NA,PriorLake,70002600,mpn
Watzl's Beach,2015-08-04,145.3,25,,N,NA,PriorLake,70002600,mpn
Watzl's Beach,2015-08-07,57.2,34.9,,N,NA,PriorLake,70002600,mpn
Watzl's Beach,2015-08-11,12.7,30.2,,N,NA,PriorLake,70002600,mpn
Watzl's Beach,2015-08-13,15,27.7,,N,NA,PriorLake,70002600,mpn
Watzl's Beach,2015-08-18,1,19.3,,N,NA,PriorLake,70002600,mpn
Watzl's Beach,2015-08-25,24.5,23.6,,N,NA,PriorLake,70002600,mpn
Watzl's Beach,2016-05-24,1.4,1.4,,N,NA,PriorLake,70002600,mpn
Watzl's Beach,2016-06-01,4.2,2.4,,N,NA,PriorLake,70002600,mpn
Watzl's Beach,2016-06-07,27.1,5.5,,N,NA,PriorLake,70002600,mpn
Watzl's Beach,2016-06-14,58.9,9.9,,N,NA,PriorLake,70002600,mpn
Watzl's Beach,2016-06-21,16.5,11,,N,NA,PriorLake,70002600,mpn
Watzl's Beach,2016-06-28,13.1,17.1,,N,NA,PriorLake,70002600,mpn
Watzl's Beach,2016-07-05,11.6,20.9,,N,NA,PriorLake,70002600,mpn
Watzl's Beach,2016-07-12,40,22.6,,N,NA,PriorLake,70002600,mpn
Watzl's Beach,2016-07-19,32.6,20.1,,N,NA,PriorLake,70002600,mpn
Watzl's Beach,2016-07-26,29.4,22.6,,N,NA,PriorLake,70002600,mpn
Watzl's Beach,2016-08-02,8.5,20.7,,N,NA,PriorLake,70002600,mpn
Watzl's Beach,2016-08-09,21.2,23.3,,N,NA,PriorLake,70002600,mpn
Watzl's Beach,2016-08-23,22.7,18.6,,N,NA,PriorLake,70002600,mpn
Watzl's Beach,2016-08-31,21,17.1,,N,NA,PriorLake,70002600,mpn
Watzl's Beach,2017-05-30,13.8,13.8,,N,NA,PriorLake,70002600,mpn
Watzl's Beach,2017-06-06,2.8,6.2,,N,NA,PriorLake,70002600,mpn
Watzl's Beach,2017-06-13,69.4,13.9,,N,NA,PriorLake,70002600,mpn
Watzl's Beach,2017-06-20,10.5,13,,N,NA,PriorLake,70002600,mpn
Watzl's Beach,2017-06-27,4.5,10.5,,N,NA,PriorLake,70002600,mpn
Watzl's Beach,2017-07-05,3.2,7.8,,N,NA,PriorLake,70002600,mpn
Watzl's Beach,2017-07-11,21,11.7,,N,NA,PriorLake,70002600,mpn
Watzl's Beach,2017-07-18,1,5,,N,NA,PriorLake,70002600,mpn
Watzl's Beach,2017-07-25,116,8.1,,N,NA,PriorLake,70002600,mpn
Watzl's Beach,2017-08-01,20.4,10.9,,N,NA,PriorLake,70002600,mpn
Watzl's Beach,2017-08-08,8,13.2,,N,NA,PriorLake,70002600,mpn
Watzl's Beach,2017-08-15,334.1,22.9,,N,NA,PriorLake,70002600,mpn
Watzl's Beach,2017-08-16,16.5,21.7,,N,NA,PriorLake,70002600,mpn
Watzl's Beach,2017-08-22,31.4,38.5,,N,NA,PriorLake,70002600,mpn
Watzl's Beach,2017-08-29,711.8,52.2,,N,NA,PriorLake,70002600,mpn
Watzl's Beach,2017-08-30,1353.9,83,,N,NA,PriorLake,70002600,mpn
Watzl's Beach,2017-09-05,192.8,114.5,,N,NA,PriorLake,70002600,mpn
Watzl's Beach,2017-09-12,613.6,212.8,,Y,ecoli_30dayGM,PriorLake,70002600,mpn
Watzl's Beach,2018-05-22,2.2,2.2,,N,NA,PriorLake,70002600,mpn
Watzl's Beach,2018-06-05,5.7,3.6,,N,NA,PriorLake,70002600,mpn
Watzl's Beach,2018-06-12,93.9,10.6,,N,NA,PriorLake,70002600,mpn
Watzl's Beach,2018-06-19,9,10.2,,N,NA,PriorLake,70002600,mpn
Watzl's Beach,2018-06-26,2.4,10.4,,N,NA,PriorLake,70002600,mpn
Watzl's Beach,2018-07-02,21.4,12.1,,N,NA,PriorLake,70002600,mpn
Watzl's Beach,2018-07-10,2.4,10.2,,N,NA,PriorLake,70002600,mpn
Watzl's Beach,2018-07-17,1,4.1,,N,NA,PriorLake,70002600,mpn
Watzl's Beach,2018-07-24,2.6,3.2,,N,NA,PriorLake,70002600,mpn
Watzl's Beach,2018-07-31,13.9,4.5,,N,NA,PriorLake,70002600,mpn
Watzl's Beach,2018-08-07,3.5,3.2,,N,NA,PriorLake,70002600,mpn
Watzl's Beach,2018-08-14,1.4,2.8,,N,NA,PriorLake,70002600,mpn
Watzl's Beach,2018-08-21,1.4,3,,N,NA,PriorLake,70002600,mpn
Watzl's Beach,2018-08-28,76.4,5.9,,N,NA,PriorLake,70002600,mpn
Watzl's Beach,2019-05-21,7.7,7.7,,N,NA,PriorLake,70002600,mpn
Watzl's Beach,2019-05-28,3.9,5.5,,N,NA,PriorLake,70002600,mpn
Watzl's Beach,2019-06-04,2.4,4.2,,N,NA,PriorLake,70002600,mpn
Watzl's Beach,2019-06-11,4.2,4.2,,N,NA,PriorLake,70002600,mpn
Watzl's Beach,2019-06-18,1,3.2,,N,NA,PriorLake,70002600,mpn
Watzl's Beach,2019-06-25,8.9,3.2,,N,NA,PriorLake,70002600,mpn
Watzl's Beach,2019-07-02,9,3.8,,N,NA,PriorLake,70002600,mpn
Watzl's Beach,2019-07-09,35.9,6.6,,N,NA,PriorLake,70002600,mpn
Watzl's Beach,2019-07-16,72.1,11.6,,N,NA,PriorLake,70002600,mpn
Watzl's Beach,2019-07-23,1.4,12.4,,N,NA,PriorLake,70002600,mpn
Watzl's Beach,2019-07-30,2,9.2,,N,NA,PriorLake,70002600,mpn
Watzl's Beach,2019-08-06,24.5,11.2,,N,NA,PriorLake,70002600,mpn
Watzl's Beach,2019-08-13,23.8,10.3,,N,NA,PriorLake,70002600,mpn
Watzl's Beach,2019-08-20,3.9,5.8,,N,NA,PriorLake,70002600,mpn
Watzl's Beach,2019-08-27,51.6,11.8,,N,NA,PriorLake,70002600,mpn
Watzl's Beach,2020-06-02,3.2,3.2,,N,NA,PriorLake,70002600,mpn
Watzl's Beach,2020-06-09,7.1,4.7,,N,NA,PriorLake,70002600,mpn
Watzl's Beach,2020-06-16,17.9,7.4,,N,NA,PriorLake,70002600,mpn
Watzl's Beach,2020-06-23,42.7,11.4,,N,NA,PriorLake,70002600,mpn
Watzl's Beach,2020-06-30,371.4,22.9,,N,NA,PriorLake,70002600,mpn
Watzl's Beach,2020-07-01,112.4,29.9,,N,NA,PriorLake,70002600,mpn
Watzl's Beach,2020-07-07,2.4,28.7,,N,NA,PriorLake,70002600,mpn
Watzl's Beach,2020-07-14,1,20.7,,N,NA,PriorLake,70002600,mpn
Watzl's Beach,2020-07-21,2,14.4,,N,NA,PriorLake,70002600,mpn
Watzl's Beach,2020-07-28,60.2,15.2,,N,NA,PriorLake,70002600,mpn
Watzl's Beach,2020-08-04,3.9,4.1,,N,NA,PriorLake,70002600,mpn
Watzl's Beach,2020-08-11,32.5,6.9,,N,NA,PriorLake,70002600,mpn
Watzl's Beach,2020-08-18,35.3,14,,N,NA,PriorLake,70002600,mpn
Watzl's Beach,2020-08-25,94.7,30.2,,N,NA,PriorLake,70002600,mpn
Watzl's Beach,2020-09-01,88.9,32.7,,N,NA,PriorLake,70002600,mpn
Watzl's Beach,2021-05-25,94.9,94.9,,N,NA,PriorLake,70002600,mpn
Watzl's Beach,2021-06-08,8.5,28.4,,N,NA,PriorLake,70002600,mpn
Watzl's Beach,2021-06-15,1,9.3,,N,NA,PriorLake,70002600,mpn
Watzl's Beach,2021-06-22,1.4,5.8,,N,NA,PriorLake,70002600,mpn
Watzl's Beach,2021-06-30,2.2,2.3,,N,NA,PriorLake,70002600,mpn
Watzl's Beach,2021-07-06,1,1.9,,N,NA,PriorLake,70002600,mpn
Watzl's Beach,2021-07-13,47.7,2.7,,N,NA,PriorLake,70002600,mpn
Watzl's Beach,2021-07-20,90,6.7,,N,NA,PriorLake,70002600,mpn
Watzl's Beach,2021-07-27,61.4,14.3,,N,NA,PriorLake,70002600,mpn
Watzl's Beach,2021-08-03,1.4,13,,N,NA,PriorLake,70002600,mpn
Watzl's Beach,2021-08-10,2.8,16,,N,NA,PriorLake,70002600,mpn
Watzl's Beach,2021-08-17,1,7.4,,N,NA,PriorLake,70002600,mpn
Watzl's Beach,2021-08-24,205.9,8.7,,N,NA,PriorLake,70002600,mpn
Watzl's Beach,2021-08-31,62.9,8.8,,N,NA,PriorLake,70002600,mpn
Watzl's Beach,2022-05-24,1.4,1.4,,N,NA,PriorLake,70002600,mpn
Watzl's Beach,2022-05-31,25.4,6,,N,NA,PriorLake,70002600,mpn
Watzl's Beach,2022-06-07,3.2,4.8,,N,NA,PriorLake,70002600,mpn
Watzl's Beach,2022-06-14,2,3.9,,N,NA,PriorLake,70002600,mpn
Watzl's Beach,2022-06-21,2.8,3.6,,N,NA,PriorLake,70002600,mpn
Watzl's Beach,2022-06-28,12.8,5.7,,N,NA,PriorLake,70002600,mpn
Watzl's Beach,2022-07-05,13.1,5,,N,NA,PriorLake,70002600,mpn
Watzl's Beach,2022-07-12,65.2,9.1,,N,NA,PriorLake,70002600,mpn
Watzl's Beach,2022-07-19,1.4,8.5,,N,NA,PriorLake,70002600,mpn
Watzl's Beach,2022-07-26,3.5,8.8,,N,NA,PriorLake,70002600,mpn
Watzl's Beach,2022-08-02,14.4,9,,N,NA,PriorLake,70002600,mpn
Watzl's Beach,2022-08-09,118,11.1,,N,NA,PriorLake,70002600,mpn
Watzl's Beach,2022-08-16,5.3,6.3,,N,NA,PriorLake,70002600,mpn
Watzl's Beach,2022-08-23,47.5,13.8,,N,NA,PriorLake,70002600,mpn
Watzl's Beach,2023-05-23,7.7,7.7,,N,NA,PriorLake,70002600,mpn
Watzl's Beach,2023-05-30,3.9,5.5,,N,NA,PriorLake,70002600,mpn
Watzl's Beach,2023-06-06,37.1,10.4,,N,NA,PriorLake,70002600,mpn
Watzl's Beach,2023-06-13,3.2,7.7,,N,NA,PriorLake,70002600,mpn
Watzl's Beach,2023-06-20,6,7.3,,N,NA,PriorLake,70002600,mpn
Watzl's Beach,2023-06-27,25.9,9.3,,N,NA,PriorLake,70002600,mpn
Watzl's Beach,2023-07-04,6.7,10.4,,N,NA,PriorLake,70002600,mpn
Watzl's Beach,2023-07-11,13.3,8.5,,N,NA,PriorLake,70002600,mpn
Watzl's Beach,2023-07-18,1.7,7.5,,N,NA,PriorLake,70002600,mpn
Watzl's Beach,2023-07-25,5.4,7.4,,N,NA,PriorLake,70002600,mpn
Watzl's Beach,2023-08-01,14.1,6.5,,N,NA,PriorLake,70002600,mpn
Watzl's Beach,2023-08-08,31.7,8.9,,N,NA,PriorLake,70002600,mpn
Watzl's Beach,2023-08-15,28.8,10.4,,N,NA,PriorLake,70002600,mpn
Watzl's Beach,2023-08-22,275.7,28.6,,N,NA,PriorLake,70002600,mpn
Watzl's Beach,2024-05-21,17.5,17.5,,N,NA,PriorLake,70002600,mpn
Watzl's Beach,2024-06-04,28,22.1,,N,NA,PriorLake,70002600,mpn
Watzl's Beach,2024-06-11,18.5,20.8,,N,NA,PriorLake,70002600,mpn
Watzl's Beach,2024-06-18,4.5,14.2,,N,NA,PriorLake,70002600,mpn
Watzl's Beach,2024-06-25,410.2,31.2,,N,NA,PriorLake,70002600,mpn
Watzl's Beach,2024-07-02,14.5,26.8,,N,NA,PriorLake,70002600,mpn
Watzl's Beach,2024-07-09,34.7,27.9,,N,NA,PriorLake,70002600,mpn
Watzl's Beach,2024-07-16,16,27.1,,N,NA,PriorLake,70002600,mpn
Watzl's Beach,2024-07-23,2.4,24.1,,N,NA,PriorLake,70002600,mpn
Watzl's Beach,2024-07-30,14.4,12.3,,N,NA,PriorLake,70002600,mpn
Watzl's Beach,2024-08-06,6.7,10.6,,N,NA,PriorLake,70002600,mpn
Watzl's Beach,2024-08-13,2.4,6.2,,N,NA,PriorLake,70002600,mpn
Watzl's Beach,2024-08-20,86.5,8.7,,N,NA,PriorLake,70002600,mpn
Watzl's Beach,2025-05-20,20.1,20.1,,N,NA,PriorLake,70002600,mpn
Watzl's Beach,2025-05-27,119.4,49,,N,NA,PriorLake,70002600,mpn
Watzl's Beach,2025-06-03,32.5,42.7,,N,NA,PriorLake,70002600,mpn
Watzl's Beach,2025-06-10,42.9,42.8,,N,NA,PriorLake,70002600,mpn
Watzl's Beach,2025-06-17,150.5,55,,N,NA,PriorLake,70002600,mpn
Watzl's Beach,2025-06-24,13.7,51,,N,NA,PriorLake,70002600,mpn
Watzl's Beach,2025-07-01,9.8,30.9,,N,NA,PriorLake,70002600,mpn
Watzl's Beach,2025-07-08,10.5,24.7,,N,NA,PriorLake,70002600,mpn
Watzl's Beach,2025-07-15,15.3,20.1,,N,NA,PriorLake,70002600,mpn
Watzl's Beach,2025-07-22,17,13,,N,NA,PriorLake,70002600,mpn
Watzl's Beach,2025-07-29,4,10.1,,N,NA,PriorLake,70002600,mpn
Watzl's Beach,2025-08-05,2.4,7.7,,N,NA,PriorLake,70002600,mpn
